,,,,,,,,,,,,,,,,,,,,,,,,,,,,,,,,,,,,,,,,,,,,,,,,,,,,TOA5,22951,CR1000X,22951.1,CR1000X.Std.07.02,CPU:yonatan 25092024_15min2.CR1X,12261,YoDATA
2024-11-19 00:00:00,3321,13.89,19.66,15.9502944946289,16.2470092773437,17.63,19.15,38.6,13.08,13.08,20.55,16.04,14.86,37.92,15.92,25.56,36.79,16.75,22.37,37.35,13.68,16.92,32.9,0,0,0.19,0,0,0,0,0,0.07,0,0,0.39,0,0,0.14,0,0,0.3,15.93,17.21,17.72,16.41,17.39,17.72,17.31,16,17.87,16.21,17.39,17.77,15.41,17.16,18,15.8,17.1,17.7
2024-11-19 01:00:00,3325,13.89,18.98,15.9469985961914,16.173225402832,17.33,19.33,38.26,13.2,13.26,20.55,16.04,14.86,37.52,15.92,25.79,36.79,16.92,22.08,37.47,13.5,16.98,32.9,0,0,0.25,0,0,0,0,0,0.21,0,0,0.37,0,0,0.14,0,0,0.3,15.46,16.69,17.16,15.87,16.85,17.16,16.8,15.46,17.39,15.72,16.87,17.31,14.93,16.72,17.59,15.31,16.64,17.2
2024-11-19 02:00:00,3329,13.89,18.67,15.9401779174805,16.1747283935547,17.45,18.8,38.31,13.15,13.08,20.5,15.75,14.8,37.47,15.92,25.62,37.8,16.92,22.19,37.47,13.79,16.98,32.9,0,0,0.26,0,0,0,0,0,0.2,0,0,0.35,0,0,0.13,0,0,0.3,15.08,16.21,16.72,15.44,16.34,16.69,16.31,15.11,16.87,15.34,16.46,16.87,14.67,16.31,17.16,15,16.23,16.8
2024-11-19 03:00:00,3333,13.89,18.38,15.8680725097656,16.1250991821289,17.27,19.04,38.43,12.91,13.02,20.55,15.86,14.74,38.37,15.8,25.73,37.18,16.8,21.72,37.47,13.5,17.69,32.8,0,0,0.18,0,0,0,0,0,0.15,0,0,0.33,0,0,0.12,0,0,0.3,14.93,15.8,16.34,15.08,15.87,16.23,15.93,14.77,16.49,15.03,16.03,16.49,14.31,15.9,16.8,14.7,15.87,16.4
2024-11-19 04:00:00,3337,13.89,17.87,15.9004058837891,16.069206237793,17.27,19.21,38.26,12.97,13.08,20.5,15.75,14.74,37.47,15.8,25.56,36.56,16.51,21.54,37.52,13.91,16.62,32.8,0,0,0.25,0,0,0,0,0,0.28,0,0,0.45,0,0,0.12,0,0,0.3,14.29,15.39,15.82,14.62,15.46,15.8,15.49,14.34,16.03,14.62,15.64,16.05,13.82,15.54,16.41,14.21,15.46,16.1
2024-11-19 05:00:00,3341,13.89,17.37,15.8763961791992,15.9776763916016,17.22,18.8,38.54,12.91,13.02,20.5,15.86,14.74,37.52,15.75,25.62,37.18,16.1,21.67,37.58,13.91,16.98,32.8,0,0,0.23,0,0,0,0,0,0.21,0,0,0.29,0,0,0.1,0,0,0.3,13.82,14.95,15.31,14.16,15,15.34,15.05,13.8,15.59,14.16,15.21,15.59,13.39,15.11,16,13.77,15.08,15.7
2024-11-19 06:00:00,3345,13.89,16.87,15.8176651000977,15.9873199462891,17.16,18.92,38.6,13.08,13.02,20.5,15.92,14.74,37.8,15.86,25.62,37.3,16.39,21.43,37.7,13.79,17.22,32.8,0,0,0.23,0,0,0,0,0,0.17,0,0,0.34,0,0,0.06,0,0,0.3,13.52,14.49,14.87,13.7,14.54,14.85,14.57,13.34,15.11,13.7,14.77,15.16,12.87,14.7,15.59,13.31,14.59,15.2
2024-11-19 07:00:00,3349,13.88,16.35,15.7888259887695,15.8822555541992,17.16,18.68,38.37,12.97,13.02,20.26,15.39,14.68,37.8,15.57,25.21,37.02,16.57,20.91,37.63,13.44,16.69,32.5,0,0,0.21,0,0,0,0,0,0.17,0,0,0.33,0,0,0.1,0,0,0.3,12.97,14.03,14.57,13.18,14.05,14.36,14.08,12.87,14.64,13.23,14.31,14.7,12.45,14.23,15.16,12.82,14.16,14.7
2024-11-19 08:00:00,3353,13.89,16.03,15.7748641967773,15.7544937133789,17.09,18.68,38.71,12.91,12.84,20.26,15.57,14.62,37.7,15.51,24.98,37.07,16.15,21.02,37.7,13.38,17.39,32.3,0,0,0.22,0,0,0,0,0,0.2,0,0,0.34,0,0,0.09,0,0,0.3,12.45,13.54,13.85,12.76,13.54,13.9,13.62,12.51,14.16,12.79,13.8,14.21,12.17,13.82,14.72,12.48,13.7,14.3
2024-11-19 09:00:00,3357,13.89,16.33,15.7039566040039,15.9317016601562,17.04,18.68,38.6,12.97,12.91,20.14,15.21,14.57,37.92,15.39,24.63,37.41,0,20.68,37.7,13.26,16.86,32.1,0,0,0.21,0,0,0,0,0,0.15,0,0,0.26,0,0,0.1,0,0,0.3,12.64,13.18,13.47,12.82,13.21,13.52,13.28,12.74,13.77,12.84,13.54,13.9,0,13.49,14.31,12.79,13.36,14
2024-11-19 10:00:00,3361,13.89,17.56,15.6661834716797,15.8235397338867,16.98,18.39,38.48,12.79,12.84,20.26,15.1,14.39,37.86,15.33,24.34,37.24,16.1,20.55,37.7,13.26,16.69,32,0,0,0.23,0,0,0,0,0,0.17,0,0,0.35,0,0,0.1,0,0,0.3,13.49,13.26,13.41,13.52,13.21,13.54,13.39,13.77,13.8,13.67,13.62,13.88,14.11,13.57,14.11,13.75,13.47,14
2024-11-19 11:00:00,3365,13.88,19.33,15.6943969726563,15.7002410888672,16.86,18.8,38.93,12.84,12.84,20.09,15.21,14.26,38.03,15.21,24.51,37.18,15.62,20.32,37.7,13.08,16.39,31.8,0,0,0.22,0,0,0,0,0,0.11,0,0,0.36,0,0,0.1,0,0,0.3,14.95,13.82,13.75,14.64,13.67,13.9,13.93,15.16,14.13,15.05,14.16,14.21,15.72,14.16,14.23,15.18,14.03,14.4
2024-11-19 12:00:00,3369,13.89,21.47,15.7150650024414,15.5440673828125,16.75,18.5,39.11,12.67,12.73,19.97,14.92,13.97,37.86,15.1,24.23,36.95,15.57,20.09,37.58,13.2,16.22,31.6,0,0,0.19,0,0,0,0,0,0.15,0,0,0.33,0,0,0.09,0,0,0.3,16.59,14.82,14.36,16.21,14.52,14.64,14.9,16.92,14.77,16.69,15.03,14.77,17.59,15.05,14.62,16.82,15,15
2024-11-19 13:00:00,3373,13.89,22.93,15.5109329223633,15.4563217163086,16.69,18.27,38.54,12.61,12.79,19.91,14.8,13.86,37.7,14.97,24.17,37.02,15.62,19.91,37.58,13.26,15.98,31.4,0,0,0.23,0,0,0,0,0,0.16,0,0,0.31,0,0,0.1,0,0,0.3,17.64,15.95,15.13,17.69,15.64,15.52,15.98,18.51,15.59,17.74,16,15.52,19.31,16.18,15.26,18.1,16.03,15.8
2024-11-19 14:00:00,3377,13.65,24.66,15.4818344116211,15.3716659545898,16.69,17.98,38.43,12.44,12.61,20.09,14.68,13.73,37.58,14.86,24.23,36.9,14.8,19.97,37.24,12.97,16.39,31.2,0,0,0.21,0,0,0,0,0,0.21,0,0,0.4,0,0,0.12,0,0,0.3,18.44,17.03,16.1,19.03,16.85,16.54,17.16,19.78,16.57,18.54,16.98,16.36,20.29,17.36,16.03,18.74,17.13,16.6
2024-11-19 15:00:00,3381,13.89,25.43,15.4093627929688,15.240119934082,16.75,18.74,38.26,12.55,12.55,19.85,14.74,14.03,37.18,14.92,23.71,36.95,15.98,19.74,37.3,12.79,15.75,31.1,0,0,0.2,0,0,0,0,0,0.28,0,0,0.38,0,0,0.12,0,0,0.3,19.36,17.98,17.1,19.96,17.95,17.51,18.33,20.78,17.74,19.31,17.95,17.36,20.75,18.33,16.85,19.39,18,17.4
2024-11-19 16:00:00,3385,13.89,25.76,15.3774032592773,15.2185592651367,16.62,18.27,38.37,12.44,12.67,19.91,14.74,13.79,37.52,14.8,23.82,37.02,15.86,19.74,37.3,12.73,15.75,31.1,0,0,0.25,0,0,0,0,0,0.22,0,0,0.36,0,0,0.14,0,0,0.3,19.83,18.8,17.87,20.42,18.9,18.46,19.36,21.06,18.77,20.09,19,18.36,20.57,19,17.62,19.59,18.67,18.1
2024-11-19 17:00:00,3389,13.74,25.97,15.3162689208984,15.0624847412109,16.98,18.16,38.6,12.26,12.67,20.09,14.74,13.68,37.35,14.8,23.82,36.62,15.44,20.14,37.24,12.55,16.04,31,0,0,0.23,0,0,0,0,0,0.25,0,0,0.41,0,0,0.14,0,0,0.3,19.83,19.44,18.72,20.52,19.67,19.31,20.09,21.06,19.52,20.42,19.85,19.1,20.21,19.49,18.31,19.54,19.13,18.7
2024-11-19 18:00:00,3393,13.89,23.28,15.1662826538086,14.9545288085938,16.51,17.8,38.31,12.44,12.67,19.74,14.62,13.73,36.95,14.74,23.35,36.84,15.27,19.62,37.3,12.73,15.86,30.8,0,0,0.24,0,0,0,0,0,0.24,0,0,0.31,0,0,0.14,0,0,0.3,19.36,19.65,19.26,20.11,19.93,19.7,20.21,20.29,19.85,19.98,19.98,19.46,19.08,19.49,18.82,18.92,19.26,19
2024-11-19 19:00:00,3397,13.89,23.06,15.0955276489258,14.9145126342773,16.51,18.1,38.43,12.31,12.55,19.74,14.5,13.62,36.95,14.62,23.01,36.79,15.51,19.33,37.3,12.31,15.75,30.7,0,0,0.2,0,0,0,0,0,0.24,0,0,0.31,0,0,0.14,0,0,0.3,18.77,19.49,19.18,19.54,19.85,19.72,19.93,19.39,19.85,19.26,19.75,19.46,18.21,19.28,19.05,18.28,19.08,19
2024-11-19 20:00:00,3401,13.89,22.54,15.071662902832,14.8025360107422,16.57,18.1,38.54,11.96,12.61,20.14,14.57,13.62,36.95,14.62,23.3,37.02,15.68,19.44,37.24,12.31,15.62,30.7,0,0,0.18,0,0,0,0,0,0.2,0,0,0.33,0,0,0.15,0,0,0.3,18.15,19.13,19.18,18.95,19.54,19.54,19.52,18.64,19.62,18.62,19.36,19.26,17.57,18.9,19.05,17.77,18.77,18.9
2024-11-19 21:00:00,3405,13.89,21.73,15.0369873046875,14.7806396484375,16.39,17.8,38.43,11.96,12.49,20.09,14.57,13.62,36.67,14.57,23.24,36.9,14.97,19.21,37.3,12.31,15.8,30.7,0,0,0.25,0,0,0,0,0,0.22,0,0,0.37,0,0,0.14,0,0,0.3,17.82,18.74,18.87,18.31,19.15,19.23,19.03,17.9,19.28,17.98,18.95,19,16.92,18.49,18.95,17.23,18.39,18.7
2024-11-19 22:00:00,3409,13.89,20.87,15.0028610229492,14.7881164550781,16.62,18.1,38.71,12.07,12.55,20.14,14.44,13.55,36.62,14.57,23.01,36.84,15.57,19.15,37.3,12.13,16.1,30.6,0,0,0.15,0,0,0,0,0,0.17,0,0,0.37,0,0,0.14,0,0,0.3,17.28,18.23,18.56,17.69,18.62,18.74,18.49,17.16,18.82,17.33,18.41,18.64,16.31,18.1,18.64,16.69,17.95,18.3
2024-11-19 23:00:00,3413,13.89,20.07,14.9597702026367,14.7578048706055,16.45,17.98,38.08,12.2,12.49,20.09,14.33,13.62,36.56,14.57,23.24,36.95,14.92,19.27,37.35,12.2,15.8,30.6,0,0,0.22,0,0,0,0,0,0.19,0,0,0.38,0,0,0.14,0,0,0.3,16.39,17.67,18.08,17.05,18.03,18.23,17.87,16.49,18.36,16.69,17.9,18.18,15.64,17.57,18.36,16.08,17.44,17.9
2024-11-20 00:00:00,3417,13.88,19.56,14.9717025756836,14.7192611694336,16.51,17.86,38.26,12.02,12.44,19.74,14.57,13.62,37.24,14.57,23.24,37.02,14.97,19.15,37.35,12.37,15.57,30.5,0,0,0.25,0,0,0,0,0,0.19,0,0,0.35,0,0,0.12,0,0,0.3,15.9,17.1,17.67,16.49,17.46,17.69,17.31,15.95,17.82,16.18,17.39,17.69,15.34,17.1,17.92,15.72,17,17.5
2024-11-20 01:00:00,3421,13.89,19.44,14.9668807983398,14.6423034667969,16.45,18.27,38.83,12.26,12.44,19.91,14.33,13.62,36.73,14.5,23.24,36.84,15.21,19.09,37.41,12.73,15.75,30.5,0,0,0.22,0,0,0,0,0,0.12,0,0,0.34,0,0,0.12,0,0,0.3,15.64,16.72,17.23,16.13,17,17.31,16.9,15.72,17.44,15.87,16.95,17.39,15.13,16.72,17.59,15.44,16.64,17.2
2024-11-20 02:00:00,3425,13.89,19.28,14.9226379394531,14.6491775512695,16.39,17.98,38.03,12.13,12.49,19.67,14.57,13.68,36.5,14.5,23.18,36.95,15.04,19.56,37.41,12.61,16.1,30.5,0,0,0.25,0,0,0,0,0,0.06,0,0,0.29,0,0,0.11,0,0,0.3,15.34,16.39,16.85,15.82,16.64,17,16.51,15.44,17.1,15.62,16.67,17.08,14.82,16.44,17.28,15.18,16.28,16.9
2024-11-20 03:00:00,3429,13.89,19.04,14.9140014648438,14.5958862304687,16.33,17.74,38.54,12.2,12.55,19.8,14.44,13.68,36.39,14.5,22.89,36.84,14.8,19.09,37.41,12.55,15.62,30.5,0,0,0.15,0,0,0,0,0,0.1,0,0,0.35,0,0,0.11,0,0,0.3,15.03,16.05,16.51,15.49,16.26,16.62,16.21,15.16,16.72,15.31,16.31,16.77,14.57,16.08,16.98,14.93,16,16.6
2024-11-20 04:00:00,3433,13.89,18.54,14.8869781494141,14.58935546875,16.39,17.63,38.08,12.07,12.61,19.8,14.39,13.68,36.27,14.39,23.18,36.95,15.04,19.27,37.41,12.2,15.68,30.4,0,0,0.24,0,0,0,0,0,0.11,0,0,0.33,0,0,0.11,0,0,0.3,14.62,15.72,16.31,15.08,15.9,16.23,15.82,14.7,16.36,14.9,15.93,16.36,14.16,15.77,16.64,14.54,15.69,16.3
2024-11-20 05:00:00,3437,13.59,17.98,14.8657684326172,14.6085205078125,16.8,17.63,38.37,12.07,12.44,19.67,14.62,13.68,36.56,14.5,23.41,36.73,15.15,18.97,37.52,12.55,15.86,30.4,0,0,0.21,0,0,0,0,0,0.01,0,0,0.36,0,0,0.09,0,0,0.3,14.11,15.28,15.72,14.62,15.46,15.77,15.39,14.23,15.95,14.49,15.54,15.98,13.64,15.36,16.28,14.11,15.31,15.9
2024-11-20 06:00:00,3441,13.89,17.39,14.8291015625,14.5737380981445,16.39,18.03,38.54,12.02,12.44,19.74,14.74,13.68,36.11,14.57,23.12,37.18,14.92,18.74,37.41,12.37,15.68,30.4,0,0,0.21,0,0,0,0,0,0.03,0,0,0.3,0,0,0.11,0,0,0.3,13.72,14.82,15.26,14.13,15,15.31,14.95,13.75,15.46,13.98,15.08,15.46,13.18,14.93,15.87,13.64,14.9,15.5
2024-11-20 07:00:00,3445,13.89,16.87,14.821891784668,14.4940338134766,16.39,17.56,38.6,11.89,12.44,20.03,14.44,13.68,36.05,14.39,22.65,36.9,14.86,18.86,37.58,12.26,15.62,30.2,0,0,0.22,0,0,0,0,0,0.03,0,0,0.36,0,0,0.1,0,0,0.3,13.26,14.36,14.67,13.64,14.49,14.77,14.44,13.23,14.98,13.54,14.62,15,12.71,14.52,15.41,13.15,14.44,15
2024-11-20 08:00:00,3449,13.89,16.53,15.4936065673828,15.2332611083984,17.98,18.57,38.2,15.15,12.44,19.67,15.75,17.8,36.16,15.44,23.53,36.79,16.8,20.21,37.63,16.92,17.56,30.3,0,0,0.16,0,0,0,0,0,0,0,0,0.43,0,0,0.1,0,0,0.3,12.76,13.88,14.36,13.18,14,14.34,13.82,12.43,14.49,13.15,14.13,14.57,12.3,14.08,15.03,12.82,14,14.6
2024-11-20 09:00:00,3453,13.89,16.79,15.4445877075195,15.3059158325195,17.56,18.97,38.08,15.51,12.84,19.62,15.44,16.15,36.11,15.39,24.23,37.13,16.86,20.26,37.7,15.21,17.63,31.1,0,0,0.11,0,0,0,0,0,0.1,0,0,0.3,0,0,0.1,0,0,0.3,12.97,13.47,14.08,13.21,13.64,13.93,13.49,12.82,14.16,13.18,13.85,14.29,12.87,13.72,14.64,13.08,13.67,14.3
2024-11-20 10:00:00,3457,13.89,17.97,15.5442123413086,15.2507629394531,17.33,18.8,37.92,15.33,12.91,20.14,15.21,15.39,35.94,15.39,24.17,37.24,16.57,19.97,37.7,14.62,17.45,31.3,0,0,0.19,0,0,0,0,0,0.07,0,0,0.37,0,0,0.08,0,0,0.3,13.7,13.54,14,13.82,13.57,13.9,13.59,13.88,14.08,13.9,13.95,14.23,14.18,13.77,14.39,13.98,13.75,14.3
2024-11-20 11:00:00,3461,13.89,20.8,15.3484573364258,15.0984115600586,17.16,18.92,38.26,15.04,13.08,19.91,15.1,14.92,36.11,15.27,24.17,37.07,16.22,19.97,37.7,14.03,16.69,31.3,0,0,0.16,0,0,0,0,0,0,0,0,0.34,0,0,0.08,0,0,0.3,15.39,14.08,14.34,14.93,14,14.23,14.16,15.36,14.39,15.34,14.41,14.52,15.8,14.34,14.46,15.36,14.26,14.6
2024-11-20 12:00:00,3465,13.89,22.9,15.5029067993164,15.0414962768555,16.98,18.8,37.52,14.5,13.08,20.03,15.04,14.62,36.62,15.1,23.99,37.35,15.68,20.09,37.7,14.09,16.92,31.3,0,0,0.18,0,0,0,0,0,0,0,0,0.32,0,0,0.09,0,0,0.3,17.18,15.05,14.72,16.62,14.82,14.87,15.11,17.49,15,17.21,15.26,15,17.95,15.21,14.8,17.18,15.18,15.2
2024-11-20 13:00:00,3469,13.89,24.12,15.3521270751953,14.8949432373047,16.92,18.63,37.92,14.26,13.02,19.85,14.8,14.33,36.22,15.04,23.71,36.9,15.57,19.85,37.52,13.32,16.86,31.2,0,0,0.14,0,0,0,0,0,0,0,0,0.36,0,0,0.11,0,0,0.3,18.44,16.31,15.31,18.28,15.9,15.72,16.28,19.18,15.8,18.51,16.34,15.75,19.54,16.41,15.39,18.49,16.28,15.9
2024-11-20 14:00:00,3473,13.89,25.17,15.2797927856445,14.7500762939453,16.92,18.33,37.92,14.03,13.08,20.03,14.97,14.03,35.99,14.97,23.53,36.95,15.33,19.67,37.41,13.2,17.04,31.1,0,0,0.08,0,0,0,0,0,0.03,0,0,0.35,0,0,0.13,0,0,0.3,19.23,17.44,16.39,19.59,17.1,16.69,17.57,20.45,16.8,19.36,17.41,16.59,20.65,17.64,16.16,19.23,17.41,16.7
2024-11-20 15:00:00,3477,13.89,26.18,15.2574844360352,14.6720428466797,16.92,18.39,38.03,13.44,12.97,20.09,14.74,13.91,35.99,14.92,23.53,36.9,15.57,19.27,37.35,12.97,16.86,31,0,0,0.11,0,0,0,0,0,0,0,0,0.42,0,0,0.12,0,0,0.3,19.98,18.44,17.23,20.42,18.28,17.74,18.74,21.19,17.95,20.09,18.44,17.59,20.98,18.69,16.98,19.83,18.36,17.6
2024-11-20 16:00:00,3481,13.89,26.4,15.1061630249023,14.6463394165039,16.8,18.16,37.52,13.62,12.91,19.91,14.44,13.73,35.48,14.8,23.35,37.13,15.57,19.51,37.3,13.15,16.04,30.9,0,0,0.12,0,0,0,0,0,0.06,0,0,0.34,0,0,0.15,0,0,0.3,20.47,19.28,18.21,20.83,19.26,18.74,19.75,21.48,19.03,20.73,19.46,18.62,20.8,19.36,17.82,19.98,19.03,18.3
2024-11-20 17:00:00,3485,13.89,24.92,14.9951171875,14.5175323486328,16.75,17.98,37.63,13.32,12.97,20.03,14.57,13.68,35.59,14.68,23.24,36.9,15.04,19.15,37.24,12.67,16.22,30.7,0,0,0.14,0,0,0,0,0,0.05,0,0,0.45,0,0,0.14,0,0,0.3,20.24,19.83,19.1,20.78,20.01,19.57,20.42,21.43,19.78,20.93,20.29,19.41,20.14,19.8,18.54,19.7,19.44,19
2024-11-20 18:00:00,3489,13.89,22.84,14.8623886108398,14.416389465332,16.75,18.27,37.47,13.2,12.73,19.91,14.57,13.55,35.59,14.57,22.89,36.73,15.21,19.27,37.24,12.49,15.86,30.5,0,0,0.12,0,0,0,0,0,0,0,0,0.37,0,0,0.14,0,0,0.3,19.59,20.01,19.44,20.29,20.27,19.93,20.5,20.45,20.09,20.32,20.37,19.72,19.13,19.8,19.05,19,19.54,19.2
2024-11-20 19:00:00,3493,13.89,22.49,14.7993774414062,14.4334487915039,16.51,18.8,37.92,12.91,12.79,19.97,14.33,13.5,35.26,14.57,23.01,36.84,15.21,18.86,37.24,12.2,16.15,30.5,0,0,0.08,0,0,0,0,0,0.04,0,0,0.37,0,0,0.15,0,0,0.3,18.82,19.72,19.59,19.59,20.11,19.96,20.19,19.41,20.04,19.46,20.11,19.72,18.15,19.49,19.23,18.33,19.28,19.2
2024-11-20 20:00:00,3497,13.89,22.04,14.7845077514648,14.3708419799805,16.62,17.86,37.63,13.02,12.79,19.97,14.03,13.5,34.97,14.5,22.71,36.84,14.97,19.09,37.24,12.61,16.1,30.4,0,0,0.06,0,0,0,0,0,0,0,0,0.36,0,0,0.14,0,0,0.3,18.1,19.31,19.33,18.87,19.7,19.75,19.67,18.49,19.78,18.64,19.62,19.46,17.44,19.03,19.23,17.67,18.87,19.1
2024-11-20 21:00:00,3501,13.89,21.46,14.7648468017578,14.3818511962891,16.62,17.8,37.52,12.97,12.73,20.03,14.44,13.5,35.14,14.39,22.71,36.67,14.86,18.68,37.3,12.73,15.75,30.4,0,0,0.14,0,0,0,0,0,0.03,0,0,0.39,0,0,0.14,0,0,0.3,17.46,18.82,19.1,18.21,19.23,19.36,19.08,17.72,19.39,17.92,19.05,19.18,16.69,18.56,19.05,17.08,18.44,18.8
2024-11-20 22:00:00,3505,13.89,20.67,14.7174301147461,14.403694152832,16.57,18.03,37.58,12.79,12.79,19.85,14.33,13.5,35.2,14.39,22.94,36.73,15.04,18.68,37.3,12.49,15.92,30.4,0,0,0.13,0,0,0,0,0,0,0,0,0.34,0,0,0.14,0,0,0.3,17,18.28,18.77,17.51,18.64,18.9,18.44,16.95,18.92,17.23,18.54,18.8,16,18.05,18.77,16.46,17.95,18.4
2024-11-20 23:00:00,3509,13.89,19.72,14.7031097412109,14.3425140380859,16.57,17.8,37.13,12.91,12.67,19.91,14.03,13.5,35.2,14.39,22.78,36.9,14.68,18.68,37.35,12.73,15.75,30.4,0,0,0.15,0,0,0,0,0,0,0,0,0.36,0,0,0.12,0,0,0.3,16.13,17.64,18.13,16.77,18.03,18.28,17.82,16.13,18.36,16.49,17.87,18.26,15.28,17.46,18.39,15.8,17.44,17.9
2024-11-21 00:00:00,3513,13.89,18.92,14.6666946411133,14.3497085571289,16.51,17.8,37.35,12.91,12.91,19.85,14.26,13.5,35.14,14.39,23.24,36.79,14.86,18.63,37.41,12.49,16.1,30.4,0,0,0.11,0,0,0,0,0,0,0,0,0.33,0,0,0.12,0,0,0.3,15.46,17,17.57,16.05,17.31,17.64,17.1,15.41,17.74,15.8,17.23,17.69,14.57,16.9,17.92,15.13,16.85,17.4
2024-11-21 01:00:00,3517,13.89,18.31,14.6451416015625,14.3249130249023,16.57,18.21,37.58,12.73,12.67,20.03,14.33,13.5,34.97,14.39,22.71,37.02,15.92,19.09,37.41,12.44,16.27,30.3,0,0,0.06,0,0,0,0,0,0,0,0,0.35,0,0,0.12,0,0,0.3,14.82,16.39,16.92,15.41,16.64,17,16.44,14.82,17.1,15.18,16.62,17.13,14.08,16.28,17.41,14.59,16.23,16.9
2024-11-21 02:00:00,3521,13.89,17.7,14.680061340332,14.2571105957031,16.57,17.86,37.47,12.73,12.79,19.91,14.15,13.55,35.03,14.33,22.83,36.95,14.74,18.63,37.35,12.31,15.98,30.3,0,0,0.12,0,0,0,0,0,0,0,0,0.32,0,0,0.13,0,0,0.3,14.31,15.72,16.36,14.8,15.98,16.34,15.8,14.26,16.51,14.62,16.03,16.54,13.49,15.72,16.9,14.05,15.67,16.3
2024-11-21 03:00:00,3525,13.89,17.08,14.5849685668945,14.2890396118164,16.51,18.1,37.3,12.79,12.73,19.97,14.33,13.55,34.85,14.33,22.94,36.84,14.68,18.74,37.47,12.26,15.75,30.3,0,0,0.13,0,0,0,0,0,0,0,0,0.35,0,0,0.11,0,0,0.3,13.62,15.11,15.69,14.13,15.31,15.67,15.18,13.62,15.87,14,15.39,15.93,12.89,15.16,16.34,13.47,15.11,15.8
2024-11-21 04:00:00,3529,13.89,16.55,14.5918121337891,14.2743377685547,16.51,18.16,37.52,12.79,12.84,19.91,14.26,13.62,34.68,14.33,22.89,37.07,14.68,18.57,37.52,12.79,16.04,30.3,0,0,0.09,0,0,0,0,0,0,0,0,0.33,0,0,0.09,0,0,0.3,13.02,14.54,15.18,13.54,14.72,15.05,14.57,13.02,15.26,13.41,14.82,15.31,12.35,14.67,15.82,12.92,14.54,15.3
2024-11-21 05:00:00,3533,13.89,16.14,14.5901489257813,14.189811706543,16.51,18.27,37.63,12.73,12.67,20.03,14.09,13.55,34.75,14.33,22.89,37.18,14.68,18.39,37.58,12.91,15.86,30.3,0,0,0.09,0,0,0,0,0,0,0,0,0.37,0,0,0.09,0,0,0.3,12.69,13.95,14.62,13,14.08,14.46,13.98,12.51,14.67,12.92,14.23,14.77,11.96,14.08,15.23,12.45,14,14.8
2024-11-21 06:00:00,3537,13.89,15.8,14.6044464111328,14.1799163818359,16.51,18.1,37.63,12.61,12.84,20.09,14.39,13.62,34.75,14.39,22.83,37.3,14.92,18.5,37.41,12.49,15.86,30.3,0,0,0.1,0,0,0,0,0,0,0,0,0.33,0,0,0.1,0,0,0.3,12.06,13.39,14.03,12.45,13.54,13.88,13.44,12.04,14.16,12.43,13.72,14.23,11.55,13.62,14.72,11.99,13.49,14.2
2024-11-21 07:00:00,3541,13.89,15.44,14.5237808227539,14.1138000488281,16.45,17.69,37.47,12.79,12.79,19.85,14.03,13.62,34.63,14.26,22.48,37.13,14.68,18.45,37.7,12.55,15.8,30.1,0,0,0.06,0,0,0,0,0,0,0,0,0.3,0,0,0.09,0,0,0.3,11.6,12.89,13.49,11.99,13,13.41,12.95,11.6,13.64,11.99,13.23,13.77,11.1,13.13,14.26,11.57,13,13.7
2024-11-21 08:00:00,3545,13.88,15.19,15.2229232788086,14.8640975952148,17.98,18.97,37.63,16.15,12.91,19.85,15.62,18.1,34.97,15.33,23.3,37.02,17.74,19.8,37.86,17.69,17.27,30.3,0,0,0.05,0,0,0,0,0,0,0,0,0.35,0,0,0.08,0,0,0.3,11.1,12.35,13.15,11.36,12.51,12.89,12.35,10.87,13.15,11.57,12.74,13.28,10.69,12.61,13.77,11.21,12.53,13.3
2024-11-21 09:00:00,3549,13.89,15.6,15.2451400756836,15.0312423706055,17.63,18.8,38.08,15.92,13.15,20.03,15.04,16.45,35.26,15.33,24.4,37.18,16.15,19.67,37.86,15.27,16.86,31.1,0,0,0.16,0,0,0,0,0,0,0,0,0.3,0,0,0.07,0,0,0.3,11.29,11.99,12.74,11.44,12.09,12.51,11.99,11.26,12.76,11.57,12.38,12.95,11.34,12.27,13.31,11.44,12.17,13
2024-11-21 10:00:00,3553,13.89,17.15,15.3033599853516,14.962776184082,17.45,19.15,37.75,15.8,13.26,20.03,14.97,15.51,34.52,15.21,24.17,37.58,15.75,19.85,37.92,14.68,16.98,31.3,0,0,0.12,0,0,0,0,0,0,0,0,0.28,0,0,0.07,0,0,0.3,12.22,12.09,12.64,12.19,12.09,12.51,12.17,12.51,12.74,12.43,12.51,12.97,12.79,12.43,13.1,12.51,12.25,13
2024-11-21 11:00:00,3557,13.89,20.99,15.2481231689453,14.902473449707,17.98,19.27,37.92,15.27,13.32,20.09,15.21,15.04,34.91,15.21,24.92,37.52,15.98,19.74,37.92,14.03,16.69,31.4,0,0,0.09,0,0,0,0,0,0,0,0,0.32,0,0,0.07,0,0,0.3,13.93,12.71,12.95,13.52,12.58,12.97,12.84,14.21,13.15,14.05,13.08,13.31,14.7,13.05,13.23,14.11,12.89,13.4
2024-11-21 12:00:00,3561,13.89,23.74,15.3743438720703,14.7902908325195,17.22,18.92,38.08,15.21,13.44,20.44,15.1,14.62,34.8,15.1,23.87,37.3,15.68,19.44,37.7,13.79,16.86,31.4,0,0,0.07,0,0,0,0,0,0,0,0,0.28,0,0,0.09,0,0,0.3,16.1,13.88,13.57,15.49,13.57,13.72,13.95,16.51,13.88,16.18,14.13,13.93,17.1,14.13,13.64,16.16,13.93,14
2024-11-21 13:00:00,3565,13.9,25.37,15.2078094482422,14.6229782104492,17.09,18.97,37.63,14.68,13.38,20.21,14.74,14.33,34.57,14.97,23.47,37.02,16.39,19.74,37.7,13.38,16.51,31.3,0,0,0.13,0,0,0,0,0,0,0,0,0.34,0,0,0.09,0,0,0.3,17.72,15.28,14.54,17.36,14.87,14.75,15.34,18.44,14.87,17.77,15.39,14.77,18.87,15.52,14.34,17.74,15.26,14.9
2024-11-21 14:00:00,3569,13.89,26.16,15.1426773071289,14.4814682006836,17.04,18.8,37.47,14.57,13.32,20.26,14.74,14.09,34.75,14.92,23.64,37.3,15.27,19.56,37.52,13.08,16.62,31.2,0,0,0.13,0,0,0,0,0,0,0,0,0.32,0,0,0.1,0,0,0.3,18.82,16.64,15.41,18.85,16.23,15.87,16.77,19.85,15.98,18.77,16.62,15.77,19.85,16.85,15.26,18.56,16.62,15.9
2024-11-21 15:00:00,3573,13.89,26.47,15.0264892578125,14.4621887207031,16.98,18.39,37.35,14.21,13.15,20.26,14.5,13.91,34.35,14.86,23.47,36.84,15.15,19.09,37.41,13.38,16.69,31.1,0,0,0.1,0,0,0,0,0,0,0,0,0.36,0,0,0.11,0,0,0.3,19.46,17.74,16.51,19.8,17.57,17.03,18.1,20.6,17.26,19.52,17.8,16.87,20.27,17.98,16.23,19.15,17.67,16.8
2024-11-21 16:00:00,3577,13.9,26.35,14.9755401611328,14.445068359375,16.98,18.5,37.41,13.79,13.15,20.26,14.5,13.79,34.57,14.74,23.24,36.95,15.33,19.21,37.35,13.02,16.22,31,0,0,0.1,0,0,0,0,0,0,0,0,0.35,0,0,0.13,0,0,0.3,19.93,18.67,17.62,20.21,18.62,18.1,19.15,20.88,18.36,20.21,18.85,17.98,20.06,18.72,17.13,19.31,18.41,17.7
2024-11-21 17:00:00,3581,13.87,24.61,14.8728713989258,14.2509307861328,16.86,18.5,37.63,13.73,13.26,20.32,14.15,13.68,34.4,14.68,22.78,36.9,15.15,18.86,37.3,13.08,16.04,30.9,0,0,0.02,0,0,0,0,0,0,0,0,0.38,0,0,0.13,0,0,0.3,19.72,19.28,18.41,20.21,19.36,18.95,19.85,20.73,19.15,20.37,19.67,18.77,19.44,19.18,17.92,19.08,18.85,18.3
2024-11-21 18:00:00,3585,13.87,23.8,14.7470703125,14.2356033325195,16.86,18.5,37.52,13.55,13.02,20.14,14.21,13.62,34.12,14.62,23.06,36.56,15.1,18.74,37.35,12.67,16.1,30.7,0,0,0.1,0,0,0,0,0,0,0,0,0.42,0,0,0.13,0,0,0.3,19.18,19.46,18.9,19.83,19.67,19.39,19.98,20.01,19.52,19.88,19.85,19.15,18.69,19.21,18.44,18.62,18.97,18.7
2024-11-21 19:00:00,3589,13.88,27.66,14.7094650268555,14.1660385131836,16.69,18.16,37.24,13.15,13.02,20.14,14.39,13.5,33.83,14.5,22.89,36.95,14.86,18.63,37.3,12.55,15.98,30.7,0,0,0.09,0,0,0,0,0,0,0,0,0.37,0,0,0.14,0,0,0.3,18.62,19.31,19.05,19.31,19.62,19.49,19.75,19.23,19.57,19.18,19.65,19.23,17.95,19,18.77,18.1,18.85,18.8
2024-11-21 20:00:00,3593,13.88,30.11,14.6718063354492,14.1449356079102,16.75,18.03,37.47,13.15,13.02,20.5,14.03,13.5,34.17,14.5,22.6,36.79,14.86,18.68,37.3,12.73,16.04,30.7,0,0,0.06,0,0,0,0,0,0,0,0,0.34,0,0,0.14,0,0,0.3,18.1,19,19.05,18.77,19.39,19.39,19.39,18.56,19.41,18.56,19.26,19.1,17.41,18.72,18.82,17.64,18.54,18.7
2024-11-21 21:00:00,3597,13.88,30.54,14.6189041137695,14.1837997436523,16.69,18.03,37.3,13.26,12.97,20.21,14.15,13.5,34.17,14.39,22.94,37.02,15.21,18.45,37.3,12.55,15.86,30.6,0,0,0.09,0,0,0,0,0,0,0,0,0.34,0,0,0.13,0,0,0.3,17.67,18.64,18.8,18.26,19.03,19.13,18.92,17.9,19.1,17.98,18.87,18.87,16.95,18.33,18.74,17.21,18.28,18.6
2024-11-21 22:00:00,3601,13.88,30.56,14.6232147216797,14.1618347167969,16.62,17.98,36.95,12.84,13.08,20.09,13.91,13.55,33.49,14.39,22.71,36.79,14.97,18.45,37.3,12.61,16.22,30.5,0,0,0.1,0,0,0,0,0,0,0,0,0.35,0,0,0.13,0,0,0.3,17.08,18.18,18.49,17.67,18.56,18.77,18.44,17.28,18.74,17.39,18.39,18.56,16.41,17.95,18.51,16.72,17.85,18.2
2024-11-21 23:00:00,3605,13.88,30.63,14.611083984375,14.1265869140625,16.62,17.8,37.24,12.84,12.84,20.26,14.03,13.5,33.94,14.39,22.54,37.07,14.86,18.57,37.3,12.44,16.22,30.5,0,0,0.03,0,0,0,0,0,0,0,0,0.32,0,0,0.13,0,0,0.3,16.57,17.72,18.13,17.16,18.08,18.33,17.92,16.69,18.33,16.85,17.92,18.18,15.9,17.54,18.21,16.28,17.49,17.9
2024-11-22 00:00:00,3609,13.88,30.6,14.5689163208008,14.1293411254883,16.69,17.92,37.13,12.79,12.97,20.44,14.26,13.55,33.94,14.39,22.71,37.92,14.74,18.74,37.35,12.31,15.92,30.5,0,0,0.1,0,0,0,0,0,0,0,0,0.41,0,0,0.13,0,0,0.3,16.39,17.23,17.72,16.62,17.54,17.82,17.39,16.13,17.87,16.31,17.44,17.77,15.36,17.08,17.87,15.77,17.03,17.5
2024-11-22 01:00:00,3613,13.88,30.86,14.5554122924805,14.0459671020508,16.69,18.03,37.02,13.02,12.97,20.03,14.15,13.55,33.83,14.39,23.12,36.84,15.04,18.45,37.47,12.97,15.75,30.5,0,0,0.09,0,0,0,0,0,0,0,0,0.35,0,0,0.11,0,0,0.3,15.49,16.75,17.23,16.03,17.03,17.31,16.85,15.52,17.36,15.72,16.92,17.31,14.77,16.59,17.49,15.18,16.57,17.1
2024-11-22 02:00:00,3617,13.88,31.16,14.5159912109375,14.080451965332,16.75,18.21,37.07,12.84,12.79,19.97,14.03,13.55,33.72,14.39,22.6,36.56,15.1,18.45,37.35,12.67,16.22,30.5,0,0,0.11,0,0,0,0,0,0,0,0,0.42,0,0,0.12,0,0,0.3,14.93,16.18,16.72,15.41,16.49,16.8,16.28,14.95,16.8,15.21,16.39,16.77,14.26,16.13,17.05,14.67,16.08,16.6
2024-11-22 03:00:00,3621,13.87,31.21,14.5110473632812,13.9989013671875,16.62,18.21,37.18,12.84,12.84,20.14,13.86,13.55,33.54,14.33,22.48,37.07,15.21,18.57,37.47,12.49,16.22,30.5,0,0,0.05,0,0,0,0,0,0,0,0,0.29,0,0,0.1,0,0,0.3,14.41,15.67,16.18,14.87,15.9,16.21,15.75,14.41,16.31,14.67,15.87,16.31,13.7,15.59,16.59,14.18,15.54,16.1
2024-11-22 04:00:00,3625,13.64,31.15,14.4932098388672,13.9960632324219,16.8,18.27,37.41,12.84,12.84,19.91,14.26,13.55,33.54,14.33,22.78,37.13,14.62,18.5,37.24,12.61,16.04,30.4,0,0,0.09,0,0,0,0,0,0,0,0,0.32,0,0,0.11,0,0,0.3,13.9,15.11,15.69,14.39,15.36,15.69,15.21,13.95,15.8,14.18,15.36,15.82,13.26,15.16,16.13,13.7,15.05,15.7
2024-11-22 05:00:00,3629,13.88,31.37,14.5270156860352,14.0226898193359,16.62,17.98,37.13,12.79,12.91,20.21,14.15,13.55,33.61,14.26,22.54,36.9,14.62,18.33,37.52,12.73,16.15,30.4,0,0,0.05,0,0,0,0,0,0,0,0,0.34,0,0,0.1,0,0,0.3,13.44,14.64,15.21,13.9,14.85,15.21,14.72,13.49,15.28,13.75,14.9,15.36,12.87,14.67,15.67,13.28,14.62,15.2
2024-11-22 06:00:00,3633,13.88,31.41,14.4743881225586,13.9863967895508,16.62,17.98,37.8,12.73,12.91,20.09,14.26,13.55,33.89,14.39,22.48,37.13,14.62,18.27,37.7,12.97,15.75,30.4,0,0,0.02,0,0,0,0,0,0,0,0,0.34,0,0,0.03,0,0,0.3,13.02,14.23,14.82,13.44,14.41,14.77,14.29,13.08,14.85,13.34,14.44,14.93,12.51,14.29,15.23,12.92,14.18,14.8
2024-11-22 07:00:00,3637,13.88,31.18,14.4359512329102,13.8819274902344,16.57,18.33,37.41,12.79,12.91,19.97,14.26,13.62,33.31,14.21,22.71,36.95,14.8,18.27,37.58,12.67,15.8,30.3,0,0,0.06,0,0,0,0,0,0,0,0,0.33,0,0,0.09,0,0,0.3,12.76,13.8,14.34,13.02,13.93,14.31,13.82,12.64,14.39,12.92,14.03,14.49,11.99,13.82,14.77,12.45,13.8,14.4
2024-11-22 08:00:00,3641,13.87,31.33,15.111328125,14.651969909668,18.1,18.97,37.24,16.22,12.79,19.97,15.62,17.98,33.49,15.33,22.83,37.3,17.09,19.67,37.7,17.22,17.39,30.5,0,0,0.11,0,0,0,0,0,0,0,0,0.31,0,0,0.09,0,0,0.3,12.09,13.31,13.93,12.4,13.49,13.82,13.23,11.86,13.93,12.43,13.57,14.05,11.6,13.39,14.39,12.06,13.34,14
2024-11-22 09:00:00,3645,13.88,30.7,15.2053527832031,14.7603530883789,17.69,18.92,37.52,16.1,13.44,19.97,14.86,16.33,33.66,15.27,23.82,37.41,17.09,19.44,37.58,15.39,17.8,31.3,0,0,0.13,0,0,0,0,0,0,0,0,0.29,0,0,0.08,0,0,0.3,12.3,12.95,13.59,12.45,13.08,13.49,12.92,12.27,13.59,12.51,13.26,13.75,12.27,13.1,13.98,12.38,13.02,13.7
2024-11-22 10:00:00,3649,13.88,30.6,15.1970901489258,14.7918243408203,17.51,19.21,37.52,15.86,13.26,20.09,15.1,15.44,33.72,15.21,23.94,37.41,15.86,19.51,37.86,14.44,16.98,31.5,0,0,0.09,0,0,0,0,0,0,0,0,0.31,0,0,0.07,0,0,0.3,13.47,13.05,13.52,13.21,13.05,13.52,13.08,13.44,13.62,13.34,13.39,13.77,13.62,13.21,13.82,13.36,13.13,13.7
2024-11-22 11:00:00,3653,13.88,30.89,15.1798324584961,14.6557464599609,17.45,19.33,37.58,15.33,13.38,20.73,15.15,14.97,33.54,15.15,23.94,37.18,16.15,19.44,37.75,14.15,16.86,31.6,0,0,0.13,0,0,0,0,0,0,0,0,0.31,0,0,0.08,0,0,0.3,14.77,13.62,13.77,14.34,13.52,13.88,13.72,14.9,13.98,14.75,13.93,14.11,15.13,13.8,13.93,14.67,13.7,14.1
2024-11-22 12:00:00,3657,13.88,27.21,15.3086929321289,14.5874938964844,17.27,19.15,37.3,15.21,13.26,20.44,14.92,14.57,33.61,15.1,24.17,37.24,15.75,19.67,37.63,13.91,17.45,31.5,0,0,0.11,0,0,0,0,0,0,0,0,0.35,0,0,0.11,0,0,0.3,16.87,14.64,14.36,16.05,14.41,14.54,14.67,16.92,14.64,16.59,14.8,14.67,17.26,14.72,14.31,16.49,14.64,14.7
2024-11-22 13:00:00,3661,13.87,24.45,15.1641845703125,14.4029998779297,17.16,18.97,37.47,14.44,13.5,20.32,14.68,14.26,33.31,14.92,23.53,37.02,0,19.44,37.58,13.44,16.75,31.5,0,0,0.15,0,0,0,0,0,0,0,0,0.39,0,0,0.1,0,0,0.3,18.15,15.93,15.21,17.77,15.52,15.52,15.93,18.74,15.54,18.15,15.95,15.44,19.05,15.98,15,18.05,15.82,15.5
2024-11-22 14:00:00,3665,13.87,24.03,15.0648803710937,14.2534866333008,17.09,18.97,37.41,14.26,13.32,20.44,14.57,14.09,33.43,14.86,23.41,36.79,15.51,18.92,37.47,13.38,16.51,31.4,0,0,0.1,0,0,0,0,0,0,0,0,0.38,0,0,0.11,0,0,0.3,19.52,17.21,16.23,19.26,16.87,16.57,17.31,20.24,16.62,19.23,17.18,16.39,20.27,17.31,15.85,19.13,17.1,16.5
2024-11-22 15:00:00,3669,13.87,23.51,15.0356140136719,14.1823196411133,17.16,18.92,37.58,13.79,13.32,20.44,14.74,13.86,33.43,14.86,23.41,37.02,15.04,19.09,37.35,13.32,16.51,31.3,0,0,0.11,0,0,0,0,0,0,0,0,0.34,0,0,0.13,0,0,0.3,20.06,18.33,17.26,20.29,18.13,17.69,18.64,21.14,17.85,20.11,18.39,17.51,20.75,18.46,16.8,19.8,18.23,17.5
2024-11-22 16:00:00,3673,13.87,23.76,14.9156265258789,14.2186431884766,17.04,18.27,37.3,13.5,13.26,20.38,14.74,13.73,33.43,14.8,23.3,36.95,15.51,18.92,37.24,13.15,16.75,31.1,0,0,0.07,0,0,0,0,0,0,0,0,0.38,0,0,0.14,0,0,0.3,20.62,19.31,18.28,20.93,19.28,18.8,19.8,21.61,19.03,20.93,19.57,18.67,20.91,19.33,17.72,20.14,19.05,18.3
2024-11-22 17:00:00,3677,13.75,25.18,14.8165740966797,14.0417709350586,17.09,18.5,37.75,13.5,13.2,20.09,14.5,13.68,33.09,14.68,22.89,37.24,14.62,18.68,37.3,13.26,16.45,30.9,0,0,0.05,0,0,0,0,0,0,0,0,0.37,0,0,0.14,0,0,0.3,20.75,20.09,19.21,21.17,20.11,19.78,20.6,21.76,19.88,21.37,20.47,19.54,20.78,19.91,18.59,20.24,19.67,19.1
2024-11-22 18:00:00,3681,13.59,24.15,14.6994781494141,13.971565246582,16.8,18.33,37.24,13.2,13.15,20.09,14.21,13.62,33.15,14.62,23.18,36.79,14.5,18.33,37.07,13.02,16.22,30.8,0,0,0.17,0,0,0,0,0,0,0,0,0.34,0,0,0.11,0,0,0.3,20.27,20.37,19.75,20.83,20.55,20.29,20.83,21.06,20.34,20.93,20.75,20.01,19.8,20.11,19.21,19.67,19.91,19.4
2024-11-22 19:00:00,3685,13.87,27.8,14.5961990356445,13.9127655029297,16.92,18.27,37.3,13.26,13.02,20.03,14.03,13.5,32.52,14.44,22.89,36.5,14.86,18.33,37.24,13.02,15.98,30.7,0,0,0.07,0,0,0,0,0,0,0,0,0.41,0,0,0.15,0,0,0.3,19.41,20.19,19.85,20.11,20.47,20.34,20.57,19.96,20.32,20.01,20.47,20.01,18.64,19.88,19.49,18.82,19.67,19.5
2024-11-22 20:00:00,3689,13.88,30.37,14.6141052246094,13.9707946777344,16.8,18.16,37.24,13.15,13.02,20.14,13.86,13.44,32.92,14.39,22.48,36.9,15.15,18.33,37.18,12.73,16.33,30.7,0,0,0.09,0,0,0,0,0,0,0,0,0.31,0,0,0.15,0,0,0.3,19,19.78,19.72,19.46,20.16,20.11,20.09,19.1,20.09,19.21,20.01,19.83,18.05,19.41,19.52,18.28,19.31,19.4
2024-11-22 21:00:00,3693,13.88,30.87,14.5490798950195,13.8902816772461,16.75,18.33,37.24,12.79,12.97,20.26,13.97,13.44,32.69,14.39,22.71,36.84,15.04,18.33,37.3,12.73,15.98,30.7,0,0,0.09,0,0,0,0,0,0,0,0,0.35,0,0,0.15,0,0,0.3,18.33,19.36,19.54,18.92,19.78,19.88,19.59,18.56,19.83,18.67,19.62,19.62,17.59,19.1,19.41,17.9,18.97,19.2
2024-11-22 22:00:00,3697,13.88,30.72,14.5178298950195,13.8852157592773,16.75,18.16,37.07,13.2,12.91,20.09,13.97,13.44,32.47,14.33,22.71,36.79,15.1,18.21,37.24,12.91,15.92,30.7,0,0,0.05,0,0,0,0,0,0,0,0,0.38,0,0,0.14,0,0,0.3,17.8,18.92,19.21,18.39,19.28,19.49,19.13,17.95,19.49,18.08,19.15,19.28,17.03,18.67,19.23,17.41,18.59,19
2024-11-22 23:00:00,3701,13.88,30.65,14.4795150756836,13.8548355102539,16.75,18.1,37.52,13.15,12.97,20.21,14.09,13.44,32.57,14.33,23.24,37.07,14.68,18.27,37.3,12.79,16.22,30.6,0,0,0.07,0,0,0,0,0,0,0,0,0.33,0,0,0.14,0,0,0.3,17.16,18.44,18.85,17.8,18.82,19.05,18.56,17.23,19,17.49,18.62,18.92,16.36,18.23,18.95,16.77,18.18,18.6
2024-11-23 00:00:00,3705,13.88,30.64,14.4485702514648,13.8644714355469,16.62,18.45,37.18,13.26,12.84,20.03,14.03,13.44,32.52,14.33,22.42,37.07,14.74,18.16,37.35,12.79,16.1,30.6,0,0,0.1,0,0,0,0,0,0,0,0,0.39,0,0,0.13,0,0,0.3,16.57,17.92,18.44,17.13,18.26,18.56,17.98,16.59,18.49,16.87,18.1,18.46,15.75,17.74,18.56,16.21,17.64,18.2
2024-11-23 01:00:00,3709,13.88,30.55,14.4587249755859,13.846435546875,16.75,18.5,37.02,13.15,12.97,20.09,13.97,13.44,32.47,14.26,22.48,36.84,14.8,18.21,37.35,12.97,15.8,30.5,0,0,0.11,0,0,0,0,0,0,0,0,0.39,0,0,0.13,0,0,0.3,16.16,17.36,17.95,16.57,17.69,18.03,17.44,16,18,16.28,17.57,18,15.16,17.23,18.15,15.64,17.13,17.7
2024-11-23 02:00:00,3713,13.88,30.49,14.4390563964844,13.8401947021484,16.75,18.39,37.47,13.32,12.97,20.09,14.09,13.44,32.57,14.33,22.48,36.67,14.86,18.16,37.3,12.67,16.22,30.5,0,0,0.07,0,0,0,0,0,0,0,0,0.38,0,0,0.13,0,0,0.3,15.49,16.87,17.49,16.03,17.18,17.54,16.9,15.46,17.51,15.77,17.08,17.54,14.75,16.72,17.72,15.21,16.67,17.3
2024-11-23 03:00:00,3717,13.88,30.51,14.4661254882812,13.7858657836914,16.62,17.92,37.35,13.26,12.91,20.14,13.97,13.5,32.24,14.26,22.37,36.67,14.39,17.98,37.41,12.61,15.86,30.5,0,0,0.11,0,0,0,0,0,0,0,0,0.36,0,0,0.12,0,0,0.3,15.05,16.36,17.05,15.54,16.69,17.08,16.46,15.08,17.05,15.34,16.59,17.13,14.34,16.28,17.31,14.8,16.23,16.9
2024-11-23 04:00:00,3721,13.88,30.69,14.4170303344727,13.8146286010742,16.69,18.1,37.52,13.15,12.79,20.03,14.03,13.44,32.47,14.26,22.48,36.45,14.21,18.21,37.41,12.73,15.8,30.5,0,0,0.07,0,0,0,0,0,0,0,0,0.46,0,0,0.11,0,0,0.3,14.59,15.93,16.62,15.08,16.18,16.64,15.98,14.62,16.62,14.87,16.13,16.72,13.9,15.9,16.9,14.36,15.85,16.5
2024-11-23 05:00:00,3725,13.88,31.12,14.4071960449219,13.7927932739258,16.62,18.1,37.24,13.02,12.97,20.09,14.03,13.5,32.57,14.26,22.71,37.13,14.57,18.39,37.41,12.49,15.98,30.5,0,0,0.06,0,0,0,0,0,0,0,0,0.32,0,0,0.11,0,0,0.3,14.39,15.49,16.1,14.62,15.72,16.13,15.49,14.13,16.16,14.41,15.64,16.26,13.41,15.46,16.49,13.9,15.36,16.1
2024-11-23 06:00:00,3729,13.88,31.09,14.3953399658203,13.7519912719727,16.62,18.16,37.35,13.02,13.02,20.09,13.97,13.5,32.4,14.33,22.71,37.07,14.21,17.98,37.63,12.73,16.1,30.5,0,0,0.11,0,0,0,0,0,0,0,0,0.32,0,0,0.08,0,0,0.3,13.52,15.03,15.72,14.18,15.18,15.67,15.05,13.72,15.67,13.95,15.23,15.8,13.02,15.03,16.1,13.49,14.93,15.7
2024-11-23 07:00:00,3733,13.87,31.19,14.3402709960937,13.7111740112305,16.69,17.92,37.41,13.02,12.97,19.97,13.97,13.5,32.29,14.21,22.71,36.9,14.62,18.16,37.52,13.02,16.1,30.3,0,0,0.07,0,0,0,0,0,0,0,0,0.37,0,0,0.1,0,0,0.3,13.47,14.59,15.41,13.75,14.8,15.26,14.62,13.31,15.23,13.59,14.82,15.39,12.71,14.59,15.67,13.15,14.54,15.3
2024-11-23 08:00:00,3737,13.88,31.04,15.0390701293945,14.4237060546875,18.1,19.21,37.13,16.45,12.84,19.97,15.15,17.74,32.4,15.33,22.71,36.9,16.8,18.92,37.58,17.51,18.1,30.5,0,0,0.1,0,0,0,0,0,0,0,0,0.35,0,0,0.1,0,0,0.3,12.95,14.13,14.85,13.36,14.39,14.85,14.08,12.82,14.87,13.28,14.41,14.98,12.4,14.21,15.26,12.89,14.18,14.9
2024-11-23 09:00:00,3741,13.88,30.6,15.0845565795898,14.5539398193359,17.74,19.04,37.86,16.15,13.44,20.44,14.8,16.33,32.35,15.21,23.87,37.18,16.45,19.15,37.63,15.27,17.04,31.4,0,0,0.06,0,0,0,0,0,0,0,0,0.34,0,0,0.09,0,0,0.3,13.08,13.85,14.52,13.49,14.05,14.54,13.85,13.15,14.57,13.34,14.18,14.7,12.97,13.95,14.9,13.21,13.9,14.7
2024-11-23 10:00:00,3745,13.34,30.78,15.1580047607422,14.5729370117188,17.92,19.21,37.7,15.44,13.32,20.26,14.8,15.39,32.63,15.27,23.99,37.52,15.8,19.09,37.7,14.33,16.86,31.6,0,0,0.11,0,0,0,0,0,0,0,0,0.3,0,0,0.05,0,0,0.3,13.93,13.95,14.52,14.08,14.05,14.52,13.93,14.18,14.54,14.13,14.26,14.72,14.26,14.08,14.75,14.08,14.03,14.7
2024-11-23 11:00:00,3749,13.88,31.02,15.0932693481445,14.429084777832,17.45,19.38,37.41,15.51,13.44,20.38,14.74,14.86,32.69,15.1,23.76,37.07,15.68,18.97,37.63,14.21,16.98,31.6,0,0,0.13,0,0,0,0,0,0,0,0,0.35,0,0,0.1,0,0,0.3,15.36,14.46,14.75,15.13,14.44,14.82,14.54,15.59,14.9,15.46,14.75,15,15.8,14.59,14.85,15.39,14.57,15
2024-11-23 12:00:00,3753,13.87,25.03,15.2303924560547,14.4309692382812,17.33,18.97,37.52,14.86,13.55,20.38,14.62,14.5,32.69,14.97,23.82,36.95,15.62,19.15,37.58,13.91,16.75,31.6,0,0,0.09,0,0,0,0,0,0,0,0,0.36,0,0,0.11,0,0,0.3,17.28,15.44,15.28,16.82,15.26,15.46,15.46,17.62,15.57,17.36,15.62,15.52,17.92,15.49,15.23,17.18,15.41,15.6
2024-11-23 13:00:00,3757,13.87,24.12,15.0378799438477,14.221076965332,17.22,19.04,37.8,14.57,13.38,20.44,14.68,14.21,32.86,14.86,23.41,37.13,16.27,19.04,37.47,13.5,16.75,31.5,0,0,0.1,0,0,0,0,0,0,0,0,0.35,0,0,0.11,0,0,0.3,18.87,16.69,16.1,18.46,16.34,16.34,16.69,19.39,16.39,18.9,16.77,16.28,19.57,16.75,15.85,18.64,16.59,16.3
2024-11-23 14:00:00,3761,13.57,23.65,15.0104370117188,14.0972671508789,17.33,18.92,37.35,14.15,13.44,20.73,14.33,13.91,32.63,14.86,23.06,37.07,14.92,18.45,37.47,13.44,16.57,31.4,0,0,0.08,0,0,0,0,0,0,0,0,0.28,0,0,0.09,0,0,0.3,19.88,17.95,17,19.91,17.64,17.36,18,20.78,17.44,19.88,17.9,17.21,20.68,18.05,16.64,19.7,17.85,17.3
2024-11-23 15:00:00,3765,13.87,23.24,14.9352645874023,13.9570999145508,17.22,18.5,37.35,13.73,13.26,20.44,14.44,13.79,32.69,14.8,23.3,36.84,15.15,18.68,37.35,13.26,16.39,31.3,0,0,0.1,0,0,0,0,0,0,0,0,0.4,0,0,0.13,0,0,0.3,20.68,19.05,17.95,20.91,18.87,18.44,19.28,21.69,18.59,20.73,19.08,18.26,21.35,19.15,17.57,20.42,18.87,18.1
2024-11-23 16:00:00,3769,13.87,23.77,14.8156356811523,13.9629821777344,17.09,18.39,37.47,13.62,13.15,20.21,14.15,13.68,32.12,14.68,23.18,37.13,14.92,18.57,37.24,13.26,16.33,31.1,0,0,0.09,0,0,0,0,0,0,0,0,0.37,0,0,0.15,0,0,0.3,21.4,20.01,18.95,21.5,19.91,19.46,20.42,22.13,19.72,21.58,20.27,19.39,21.48,20.01,18.44,20.73,19.67,19
2024-11-23 17:00:00,3773,13.86,25.06,14.7337112426758,13.8054962158203,17.04,18.68,37.18,13.55,13.32,20.14,14.15,13.55,32.35,14.57,22.71,36.62,14.8,18.33,37.13,12.97,16.57,31,0,0,0.09,0,0,0,0,0,0,0,0,0.39,0,0,0.16,0,0,0.3,21.32,20.73,19.8,21.76,20.75,20.42,21.24,22.28,20.55,21.97,21.17,20.29,21.24,20.55,19.28,20.75,20.24,19.7
2024-11-23 18:00:00,3777,13.86,24.38,14.6382904052734,13.7987289428711,16.92,18.68,37.52,13.26,13.32,20.26,14.15,13.5,32.52,14.57,22.94,37.18,14.74,18.57,37.18,13.02,16.33,30.9,0,0,0.06,0,0,0,0,0,0,0,0,0.36,0,0,0.16,0,0,0.3,20.78,21.01,20.34,21.37,21.14,20.91,21.45,21.5,20.98,21.5,21.37,20.68,20.24,20.68,19.88,20.14,20.42,20.1
2024-11-23 19:00:00,3781,13.87,23.65,14.5968170166016,13.8003768920898,16.86,18.57,37.24,13.32,13.08,20.21,13.97,13.44,31.94,14.44,22.89,36.62,15.8,18.33,37.18,12.79,16.33,30.9,0,0,0.1,0,0,0,0,0,0,0,0,0.4,0,0,0.16,0,0,0.3,20.06,20.8,20.52,20.73,21.11,20.98,21.19,20.6,21.01,20.68,21.17,20.73,19.28,20.47,20.19,19.49,20.29,20.2
2024-11-23 20:00:00,3785,13.87,27.21,14.5539779663086,13.8026733398438,16.92,18.33,37.13,13.15,13.02,20.38,14.33,13.44,32.06,14.44,22.6,36.95,15.27,18.57,37.13,12.79,16.92,30.9,0,0,0.06,0,0,0,0,0,0,0,0,0.4,0,0,0.16,0,0,0.3,19.44,20.52,20.5,20.16,20.86,20.88,20.8,19.83,20.86,19.96,20.78,20.62,18.62,20.14,20.29,18.9,20.04,20.2
2024-11-23 21:00:00,3789,13.87,30.11,14.5118408203125,13.8167572021484,16.86,18.57,36.95,13.02,13.02,20.5,14.15,13.38,31.83,14.39,22.83,36.67,14.86,18.27,37.18,13.02,16.1,30.8,0,0,0.07,0,0,0,0,0,0,0,0,0.37,0,0,0.16,0,0,0.3,18.9,20.09,20.27,19.57,20.5,20.65,20.32,19.1,20.6,19.31,20.37,20.42,18.15,19.75,20.21,18.49,19.67,20
2024-11-23 22:00:00,3793,13.87,30.69,14.5325546264648,13.7387084960937,16.86,18.16,37.7,12.73,13.08,20.38,14.03,13.44,31.83,14.39,22.94,37.18,14.62,18.33,37.18,12.67,16.1,30.8,0,0,0.01,0,0,0,0,0,0,0,0,0.36,0,0,0.16,0,0,0.3,18.41,19.67,20.01,19.03,19.98,20.24,19.8,18.56,20.19,18.74,19.85,20.11,17.67,19.31,20.01,18.05,19.31,19.7
2024-11-23 23:00:00,3797,13.88,30.82,14.577995300293,13.7510833740234,16.86,18.57,37.3,12.91,12.91,20.5,13.79,13.44,31.94,14.39,22.89,37.02,14.68,18.21,37.24,12.73,16.1,30.8,0,0,0.09,0,0,0,0,0,0,0,0,0.41,0,0,0.16,0,0,0.3,18.13,19.21,19.62,18.69,19.52,19.83,19.31,18.28,19.78,18.36,19.36,19.7,17.59,18.92,19.7,17.87,18.95,19.4
2024-11-24 00:00:00,3801,13.88,30.87,14.5421371459961,13.7240524291992,16.8,18.1,37.02,12.84,12.91,20.5,14.03,13.44,31.55,14.39,22.54,36.79,14.8,18.1,37.24,13.15,15.98,30.8,0,0,0.08,0,0,0,0,0,0,0,0,0.32,0,0,0.13,0,0,0.3,17.87,18.87,19.26,18.39,19.15,19.49,18.95,17.98,19.39,18.13,19.03,19.41,17.31,18.69,19.39,17.64,18.62,19.1
2024-11-24 01:00:00,3805,13.88,30.85,14.5577239990234,13.7791366577148,16.86,18.21,37.13,12.73,13.02,20.14,13.97,13.5,31.83,14.39,22.65,36.79,14.39,18.45,37.24,13.08,16.15,30.8,0,0,0.09,0,0,0,0,0,0,0,0,0.41,0,0,0.15,0,0,0.3,17.62,18.51,18.97,18.08,18.8,19.1,18.62,17.69,19.05,17.85,18.72,19.08,17.13,18.33,19.13,17.44,18.36,18.8
2024-11-24 02:00:00,3809,13.88,30.84,14.5608978271484,13.7618942260742,16.86,18.39,37.3,12.79,12.97,20.09,14.03,13.44,31.89,14.39,22.83,36.73,14.68,18.21,37.24,12.73,16.51,30.8,0,0,0.06,0,0,0,0,0,0,0,0,0.37,0,0,0.15,0,0,0.3,17.49,18.28,18.69,17.92,18.49,18.82,18.33,17.54,18.77,17.67,18.44,18.82,17.05,18.13,18.82,17.33,18.15,18.6
2024-11-24 03:00:00,3813,13.88,30.84,14.532341003418,13.7410888671875,16.8,18.16,37.18,12.73,12.84,20.03,14.09,13.5,31.78,14.39,22.54,37.13,14.57,18.16,37.3,12.79,16.1,30.8,0,0,0.05,0,0,0,0,0,0,0,0,0.37,0,0,0.14,0,0,0.3,17.28,18.05,18.44,17.69,18.21,18.54,18.1,17.36,18.49,17.49,18.18,18.56,16.87,17.92,18.62,17.18,17.95,18.4
2024-11-24 04:00:00,3817,13.88,30.82,14.5446395874023,13.6902694702148,16.8,18.5,37.18,12.73,12.84,20.26,14.09,13.5,31.6,14.39,22.48,36.67,14.8,18.16,37.3,12.97,16.04,30.8,0,0,0.05,0,0,0,0,0,0,0,0,0.4,0,0,0.14,0,0,0.3,17.05,17.82,18.18,17.41,17.95,18.26,17.85,17.08,18.23,17.23,17.98,18.28,16.64,17.69,18.39,16.95,17.74,18.1
2024-11-24 05:00:00,3821,13.88,30.78,14.5541000366211,13.6675262451172,16.75,18.1,37.07,12.73,12.91,20.14,14.15,13.5,31.43,14.39,22.78,37.02,14.62,18.16,37.3,12.79,16.45,30.8,0,0,0.1,0,0,0,0,0,0,0,0,0.35,0,0,0.14,0,0,0.3,16.82,17.59,17.9,17.18,17.72,17.98,17.59,16.87,17.95,17,17.69,18.05,16.41,17.46,18.15,16.72,17.54,17.9
2024-11-24 06:00:00,3825,13.88,30.79,14.5868148803711,13.6704635620117,16.8,18.16,37.24,12.49,12.84,20.03,13.86,13.5,31.78,14.39,22.89,37.02,14.92,18.1,37.24,13.08,16.1,30.8,0,0,0.01,0,0,0,0,0,0,0,0,0.34,0,0,0.14,0,0,0.3,16.64,17.36,17.69,16.95,17.44,17.74,17.36,16.64,17.72,16.8,17.49,17.82,16.26,17.23,17.9,16.57,17.31,17.7
2024-11-24 07:00:00,3829,13.53,25.25,14.5387573242187,13.6708297729492,16.92,18.16,37.07,12.67,12.91,19.91,13.91,13.44,31.32,14.39,22.42,37.07,14.8,17.86,37.52,12.91,16.15,30.7,0,0,0.05,0,0,0,0,0,0,0,0,0.35,0,0,0.04,0,0,0.3,16.51,17.16,17.41,16.8,17.23,17.49,17.13,16.51,17.46,16.64,17.26,17.59,16.18,17.05,17.69,16.49,17.13,17.5
2024-11-24 08:00:00,3833,13.87,28.33,15.2218551635742,14.351936340332,18.21,19.15,37.24,16.22,12.79,19.85,15.1,17.51,31.83,15.39,23.06,36.67,16.75,19.27,37.35,16.92,17.45,31,0,0,0.08,0,0,0,0,0,0,0,0,0.37,0,0,0.14,0,0,0.3,16.39,16.95,17.26,16.64,17.03,17.31,16.92,16.36,17.26,16.54,17.08,17.41,16.13,16.87,17.46,16.41,16.95,17.4
2024-11-24 09:00:00,3837,13.88,30.05,15.2070922851562,14.386848449707,17.8,19.27,37.75,15.98,13.08,20.38,14.86,15.98,31.94,15.27,23.94,37.07,16.15,19.51,37.35,15.21,17.16,31.8,0,0,0.13,0,0,0,0,0,0,0,0,0.31,0,0,0.14,0,0,0.3,16.54,16.82,17.08,16.69,16.87,17.13,16.8,16.54,17.13,16.62,16.98,17.28,16.49,16.8,17.31,16.62,16.9,17.3
2024-11-24 10:00:00,3841,12.85,25.94,15.2116241455078,14.412353515625,17.63,19.04,37.52,14.92,13.26,20.26,14.74,15.21,32.17,15.51,23.94,36.95,15.75,19.38,37.18,14.68,17.39,32.1,0,0,0.15,0,0,0,0,0,0,0,0,0.37,0,0,0.12,0,0,0.3,16.92,16.92,17.05,17.03,16.9,17.13,16.87,17.1,17.18,17.03,17.03,17.26,17.1,16.87,17.23,17.05,16.95,17.3
2024-11-24 11:00:00,3845,13.87,24.26,15.1903228759766,14.4204406738281,17.56,19.44,37.3,14.8,13.26,20.32,14.62,14.68,32.24,15.15,23.94,37.58,16.45,19.04,37.41,14.15,17.8,32,0,0,0.09,0,0,0,0,0,0,0,0,0.31,0,0,0.13,0,0,0.3,17.72,17.18,17.21,17.64,17.13,17.31,17.21,17.8,17.36,17.77,17.31,17.41,18.03,17.16,17.33,17.8,17.23,17.5
2024-11-24 12:00:00,3849,13.87,24.95,15.2265625,14.3699569702148,17.51,18.86,37.63,14.57,13.38,20.38,14.86,14.39,32.57,15.1,23.71,36.95,15.44,19.04,37.35,13.86,16.8,32,0,0,0.14,0,0,0,0,0,0,0,0,0.39,0,0,0.15,0,0,0.3,19.03,17.8,17.57,18.72,17.59,17.72,17.74,19.15,17.77,18.97,17.87,17.74,19.62,17.74,17.57,19.05,17.8,17.9
2024-11-24 14:00:00,3857,13.87,23.29,14.999885559082,14.0018463134766,17.27,19.04,37.47,13.91,13.15,20.44,14.26,13.97,32.12,14.92,23.3,37.24,15.44,18.68,37.35,13.44,16.69,31.8,0,0,0.15,0,0,0,0,0,0,0,0,0.32,0,0,0.16,0,0,0.3,18.87,18.85,18.33,19.05,18.67,18.56,18.77,18.97,18.59,19.1,18.77,18.41,18.62,18.69,18.36,18.67,18.74,18.5
2024-11-24 15:00:00,3861,13.89,22.05,14.8357162475586,13.8984527587891,17.16,18.68,37.47,13.91,13.38,20.32,14.26,13.86,32.12,14.8,23.3,37.07,15.21,18.39,37.3,13.44,16.86,31.7,0,0,0.11,0,0,0,0,0,0,0,0,0.37,0,0,0.15,0,0,0.3,18.41,18.69,18.28,18.69,18.62,18.49,18.64,18.49,18.51,18.62,18.64,18.31,17.92,18.49,18.41,18.15,18.56,18.5
2024-11-24 16:00:00,3865,13.89,23.13,14.8574981689453,13.9195175170898,17.04,18.97,37.3,13.86,13.26,20.26,14.09,13.79,32.01,14.74,23.18,37.02,15.68,18.16,37.3,13.32,16.51,31.5,0,0,0.11,0,0,0,0,0,0,0,0,0.37,0,0,0.16,0,0,0.3,17.77,18.31,18.26,18.03,18.31,18.23,18.26,17.74,18.26,17.9,18.31,18.08,17.13,18.1,18.33,17.41,18.18,18.2
2024-11-24 17:00:00,3869,13.89,20.7,14.7451324462891,13.7721252441406,17.09,18.86,37.41,13.62,13.08,20.26,14.15,13.73,31.94,14.68,22.89,37.07,15.1,18.27,37.24,13.38,16.45,31.4,0,0,0.16,0,0,0,0,0,0,0,0,0.32,0,0,0.15,0,0,0.3,17.05,17.9,17.92,17.46,17.92,17.9,17.87,17.13,17.98,17.31,17.92,17.8,16.41,17.72,18.08,16.8,17.74,17.9
2024-11-24 18:00:00,3873,13.89,20.15,14.7229232788086,13.8211135864258,17.16,18.5,37.3,13.44,13.15,20.21,14.33,13.68,32.06,14.68,23.12,36.95,14.86,18.63,37.35,13.38,16.45,31.5,0,0,0.04,0,0,0,0,0,0,0,0,0.39,0,0,0.14,0,0,0.3,16.39,17.44,17.39,16.85,17.51,17.62,17.41,16.44,17.67,16.69,17.51,17.51,15.75,17.28,17.8,16.16,17.31,17.6
2024-11-24 19:00:00,3877,13.89,19.51,14.7025527954102,13.804573059082,17.09,18.92,37.41,13.5,13.38,20.26,14.15,13.68,31.94,14.68,23.18,36.84,14.74,18.27,37.35,13.15,16.51,31.4,0,0,0.04,0,0,0,0,0,0,0,0,0.35,0,0,0.15,0,0,0.3,15.8,16.98,17.13,16.28,17.05,17.26,16.95,15.85,17.23,16.1,17.05,17.21,15.18,16.82,17.46,15.64,16.85,17.3
2024-11-24 20:00:00,3881,13.89,18.77,14.7177047729492,13.7682800292969,17.04,18.8,37.3,13.38,13.15,20.21,14.15,13.62,31.66,14.68,23.18,36.95,14.86,18.27,37.35,13.26,16.39,31.5,0,0,0.13,0,0,0,0,0,0,0,0,0.36,0,0,0.14,0,0,0.3,15.13,16.46,16.62,15.59,16.54,16.8,16.44,15.11,16.85,15.44,16.59,16.8,14.52,16.34,17.13,15.03,16.39,16.9
2024-11-24 21:00:00,3885,13.88,18.17,14.6448593139648,13.8039321899414,17.09,18.86,37.41,13.44,13.26,20.32,14.09,13.62,32.06,14.68,22.89,36.95,15.27,18.27,37.3,13.44,16.75,31.4,0,0,0.09,0,0,0,0,0,0,0,0,0.3,0,0,0.14,0,0,0.3,14.62,15.93,16.23,15.05,16,16.31,15.9,14.59,16.41,14.87,16.08,16.39,14.08,15.82,16.72,14.57,15.95,16.5
2024-11-24 22:00:00,3889,13.88,17.74,14.6961135864258,13.8011474609375,17.09,18.8,37.35,13.32,12.97,20.21,13.97,13.62,31.89,14.68,22.83,37.13,14.5,18.57,37.52,13.32,16.39,31.4,0,0,0.09,0,0,0,0,0,0,0,0,0.34,0,0,0.12,0,0,0.3,14.21,15.39,15.8,14.59,15.46,15.82,15.36,14.16,15.9,14.46,15.57,15.93,13.72,15.34,16.31,14.23,15.46,16
2024-11-24 23:00:00,3893,13.88,17.42,14.6590347290039,13.769775390625,17.04,18.92,37.18,13.15,13.02,20.38,14.03,13.62,31.78,14.68,23.12,36.84,14.97,18.33,37.47,13.02,16.62,31.4,0,0,0.08,0,0,0,0,0,0,0,0,0.36,0,0,0.12,0,0,0.3,13.9,14.95,15.18,14.18,14.98,15.34,14.93,13.77,15.41,14.11,15.16,15.52,13.39,14.93,15.85,13.9,15.05,15.6
2024-11-25 00:00:00,3897,13.88,17.18,14.6506195068359,13.784309387207,17.04,18.8,37.3,13.15,13.02,20.44,14.09,13.62,31.55,14.62,22.94,37.13,14.97,18.63,37.35,13.2,16.39,31.5,0,0,0.13,0,0,0,0,0,0,0,0,0.36,0,0,0.1,0,0,0.3,13.52,14.57,14.98,13.82,14.57,14.93,14.54,13.49,15.03,13.77,14.75,15.16,13.05,14.52,15.46,13.62,14.72,15.2
2024-11-25 01:00:00,3901,13.88,16.91,14.646842956543,13.7217712402344,17.04,18.74,37.35,13.08,13.02,20.21,14.44,13.68,32.06,14.62,22.89,37.18,15.1,18.16,37.52,13.5,16.69,31.4,0,0,0.11,0,0,0,0,0,0,0,0,0.28,0,0,0.11,0,0,0.3,13.18,14.18,14.36,13.47,14.16,14.54,14.16,13.15,14.64,13.47,14.41,14.77,12.74,14.13,15.08,13.28,14.36,14.9
2024-11-25 02:00:00,3905,13.88,16.61,14.6396331787109,13.7332534790039,17.04,18.92,37.24,13.02,12.97,20.32,13.97,13.68,31.71,14.68,23.41,36.84,15.57,18.27,37.58,13.15,16.39,31.4,0,0,0.1,0,0,0,0,0,0,0,0,0.37,0,0,0.11,0,0,0.3,12.95,13.82,14.08,13.13,13.85,14.16,13.77,12.79,14.29,13.13,14.08,14.44,12.48,13.82,14.75,12.97,14.05,14.6
2024-11-25 03:00:00,3909,13.88,16.43,14.641845703125,13.7292251586914,16.98,18.86,37.47,13.15,13.02,20.21,14.26,13.68,31.94,14.62,22.94,37.02,14.86,18.39,37.63,13.44,16.45,31.4,0,0,0.07,0,0,0,0,0,0,0,0,0.35,0,0,0.1,0,0,0.3,12.51,13.52,13.88,12.82,13.49,13.82,13.47,12.48,13.98,12.84,13.72,14.13,12.17,13.52,14.41,12.69,13.72,14.2
2024-11-25 04:00:00,3913,13.88,16.24,14.6421661376953,13.7281799316406,17.04,18.8,37.75,13.2,12.97,20.14,14.15,13.68,31.94,14.62,22.94,37.18,14.39,18.27,37.58,13.02,16.86,31.4,0,0,0.06,0,0,0,0,0,0,0,0,0.29,0,0,0.11,0,0,0.3,12.3,13.15,13.64,12.56,13.15,13.52,13.13,12.25,13.67,12.58,13.44,13.82,11.93,13.21,14.08,12.43,13.39,14
2024-11-25 05:00:00,3917,13.88,16.1,14.6385192871094,13.7556457519531,16.98,18.8,37.7,13.15,13.08,20.26,14.15,13.68,31.89,14.62,23.18,37.02,14.44,18.27,37.63,13.5,16.51,31.4,0,0,0.09,0,0,0,0,0,0,0,0,0.35,0,0,0.11,0,0,0.3,12.06,12.84,13.15,12.3,12.84,13.15,12.84,12.01,13.34,12.3,13.1,13.47,11.7,12.92,13.75,12.19,13.1,13.6
2024-11-25 06:00:00,3921,13.88,16.04,14.5931167602539,13.747184753418,17.04,18.86,37.52,13.02,13.26,20.32,14.26,13.68,31.83,14.62,22.94,37.24,14.8,18.33,37.75,13.2,16.51,31.4,0,0,0.09,0,0,0,0,0,0,0,0,0.3,0,0,0.09,0,0,0.3,11.83,12.58,12.61,12.06,12.53,12.89,12.58,11.88,13.02,12.09,12.82,13.13,11.55,12.64,13.47,11.96,12.82,13.3
2024-11-25 07:00:00,3925,13.88,16.04,14.6249160766602,13.7367172241211,16.98,18.8,37.47,12.97,13.08,20.09,14.26,13.68,31.78,14.62,22.94,37.13,14.92,18.21,37.75,13.2,16.62,31.4,0,0,0.08,0,0,0,0,0,0,0,0,0.35,0,0,0.09,0,0,0.3,11.68,12.3,12.53,11.88,12.3,12.61,12.35,11.75,12.76,11.91,12.56,12.89,11.47,12.4,13.18,11.83,12.61,13.1
2024-11-25 08:00:00,3929,13.88,16.11,14.6632995605469,13.7373428344727,16.98,18.74,37.7,12.97,13.02,20.14,13.91,13.62,31.83,14.62,22.89,37.58,14.62,18.21,37.75,13.38,17.16,31.4,0,0,0.07,0,0,0,0,0,0,0,0,0.24,0,0,0.1,0,0,0.3,11.57,12.14,12.17,11.75,12.09,12.43,12.19,11.65,12.53,11.81,12.38,12.71,11.47,12.22,12.95,11.78,12.4,12.9
2024-11-25 09:00:00,3933,13.88,16.3,14.6866073608398,13.7811889648438,16.98,18.57,37.47,12.91,13.08,20.21,14.03,13.68,31.71,14.62,23.24,37.41,14.92,18.27,37.92,13.08,16.69,31.4,0,0,0.12,0,0,0,0,0,0,0,0,0.27,0,0,0.09,0,0,0.3,11.62,12.01,12.19,11.78,11.96,12.3,12.06,11.73,12.4,11.81,12.25,12.53,11.68,12.14,12.74,11.86,12.3,12.8
2024-11-25 10:00:00,3937,13.86,18.16,14.7020263671875,13.791015625,16.98,18.92,37.58,12.84,13.08,20.09,14.26,13.62,31.71,14.62,23.01,37.41,14.86,18.57,37.7,13.5,16.27,31.4,0,0,0.12,0,0,0,0,0,0,0,0,0.28,0,0,0.08,0,0,0.3,11.78,12.01,12.3,11.93,11.96,12.25,12.06,11.91,12.35,11.96,12.22,12.51,11.93,12.12,12.61,12.06,12.27,12.7
2024-11-25 11:00:00,3941,13.87,19.08,14.6997451782227,13.8032302856445,16.98,18.8,37.86,12.91,13.08,20.21,14.15,13.68,32.12,14.62,23.24,37.18,14.39,18.39,37.92,13.02,16.57,31.5,0,0,0.04,0,0,0,0,0,0,0,0,0.36,0,0,0.09,0,0,0.3,12.17,12.06,12.4,12.14,12.01,12.3,12.17,12.17,12.4,12.19,12.32,12.51,12.04,12.17,12.58,12.17,12.32,12.7
2024-11-25 12:00:00,3945,13.87,18.16,14.6707916259766,13.878662109375,16.98,18.68,37.52,12.97,12.97,20.26,13.97,13.62,31.83,14.62,22.83,37.41,14.44,18.16,37.86,13.26,16.57,31.4,0,0,0.06,0,0,0,0,0,0,0,0,0.32,0,0,0.09,0,0,0.3,12.19,12.22,12.27,12.32,12.12,12.38,12.3,12.43,12.51,12.43,12.43,12.56,12.25,12.27,12.56,12.35,12.43,12.7
2024-11-25 13:00:00,3949,13.89,20.5,14.7211227416992,13.8497161865234,16.92,18.5,37.3,12.84,12.91,20.03,14.09,13.62,32.24,14.62,23.06,37.18,14.44,18.16,37.92,13.15,16.75,31.4,0,0,0.09,0,0,0,0,0,0,0,0,0.34,0,0,0.09,0,0,0.3,12.43,12.35,12.09,12.53,12.3,12.48,12.45,12.71,12.64,12.64,12.56,12.58,12.4,12.4,12.61,12.48,12.51,12.8
2024-11-25 14:00:00,3953,13.89,21.82,14.7082290649414,13.9601516723633,16.98,18.39,37.47,12.91,12.91,20.09,14.09,13.62,31.78,14.62,22.89,37.3,14.74,18.16,37.92,13.2,16.98,31.4,0,0,0.09,0,0,0,0,0,0,0,0,0.3,0,0,0.09,0,0,0.3,12.87,12.53,12.53,12.97,12.43,12.58,12.69,13.21,12.74,13.02,12.74,12.71,13.26,12.53,12.64,13.02,12.64,12.9
2024-11-25 15:00:00,3957,13.89,22.16,14.6583557128906,13.9550018310547,16.92,18.63,37.58,12.79,12.97,20.09,14.09,13.55,31.66,14.57,23.18,37.07,14.86,18.1,37.86,13.15,16.8,31.4,0,0,0.12,0,0,0,0,0,0,0,0,0.33,0,0,0.1,0,0,0.3,13.39,12.84,12.64,13.44,12.74,12.84,13.02,13.77,13.05,13.57,13.1,12.97,13.88,12.84,12.79,13.54,12.95,13.1
2024-11-25 16:00:00,3961,13.89,25.81,14.5867156982422,13.776252746582,16.92,18.8,37.47,12.91,12.97,20.21,14.09,13.55,31.55,14.57,23.06,37.35,14.8,18.27,37.75,13.38,16.51,31.3,0,0,0.09,0,0,0,0,0,0,0,0,0.34,0,0,0.1,0,0,0.3,13.54,13.23,12.92,13.72,13.1,13.15,13.44,13.98,13.36,13.88,13.49,13.26,13.85,13.21,13.02,13.67,13.28,13.3
2024-11-25 17:00:00,3965,13.89,27.86,14.5418014526367,13.7253570556641,16.86,18.68,37.18,12.79,12.97,19.97,14.15,13.55,31.32,14.39,23.24,37.86,15.04,18.1,37.7,12.97,16.62,31.1,0,0,0.09,0,0,0,0,0,0,0,0,0.3,0,0,0.09,0,0,0.3,13.34,13.41,13.1,13.62,13.31,13.34,13.57,13.67,13.54,13.7,13.62,13.39,13.36,13.36,13.21,13.39,13.44,13.4
2024-11-25 18:00:00,3969,13.44,22.49,14.4914321899414,13.6196212768555,17.04,18.68,37.35,12.73,12.73,19.97,13.97,13.5,31.49,14.5,22.83,37.58,14.39,17.86,37.7,13.08,16.45,31.1,0,0,0.06,0,0,0,0,0,0,0,0,0.22,0,0,0.08,0,0,0.3,13.02,13.36,12.97,13.34,13.34,13.39,13.49,13.26,13.54,13.31,13.49,13.34,12.92,13.28,13.31,13.08,13.41,13.4
2024-11-25 19:00:00,3973,13.89,21.2,14.4922790527344,13.6079483032227,16.8,18.57,37.58,12.55,12.84,20.38,14.09,13.5,31.78,14.33,22.94,37.3,14.74,17.92,37.63,12.97,16.22,31.1,0,0,0.09,0,0,0,0,0,0,0,0,0.39,0,0,0.1,0,0,0.3,12.82,13.21,13.26,13.05,13.21,13.28,13.31,12.89,13.36,12.97,13.31,13.23,12.56,13.05,13.26,12.79,13.26,13.4
2024-11-25 20:00:00,3977,13.89,19.81,14.4775238037109,13.5739440917969,16.86,18.5,37.47,12.55,12.84,20.32,14.03,13.5,31.49,14.33,22.65,37.35,14.5,17.86,37.7,13.15,16.62,31.1,0,0,0.07,0,0,0,0,0,0,0,0,0.35,0,0,0.11,0,0,0.3,12.48,13.05,13.13,12.82,13.02,13.18,13.08,12.61,13.26,12.69,13.08,13.1,12.27,12.95,13.21,12.56,13.1,13.3
2024-11-25 21:00:00,3981,13.89,18.74,14.4396438598633,13.5413513183594,16.8,18.63,37.35,12.61,12.91,19.97,14.03,13.5,31.2,14.33,22.71,37.3,14.92,18.57,37.75,13.26,16.45,31.1,0,0,0.08,0,0,0,0,0,0,0,0,0.3,0,0,0.1,0,0,0.3,12.19,12.79,12.76,12.51,12.84,13.02,12.84,12.3,13.08,12.38,12.89,12.97,11.93,12.69,13.08,12.27,12.89,13.1
2024-11-25 22:00:00,3985,13.88,17.92,14.4462280273437,13.5900573730469,16.8,18.45,37.47,12.73,12.84,19.97,13.97,13.5,31.78,14.33,22.78,37.3,14.39,18.5,37.75,13.2,16.69,31.1,0,0,0.08,0,0,0,0,0,0,0,0,0.35,0,0,0.1,0,0,0.3,11.88,12.53,12.79,12.19,12.58,12.79,12.58,11.99,12.84,12.09,12.61,12.79,11.65,12.48,12.95,11.99,12.71,13
2024-11-25 23:00:00,3989,13.88,17.36,14.4597396850586,13.5366668701172,16.86,18.27,37.52,12.55,12.97,20.09,13.97,13.55,31.32,14.33,23.12,37.07,14.26,18.16,37.86,13.15,16.15,31.1,0,0,0.13,0,0,0,0,0,0,0,0,0.33,0,0,0.09,0,0,0.3,11.68,12.32,12.4,11.99,12.38,12.61,12.35,11.7,12.66,11.83,12.45,12.61,11.39,12.27,12.76,11.75,12.48,12.8
2024-11-26 00:00:00,3993,13.89,16.85,14.419189453125,13.5190200805664,16.8,18.45,37.13,12.73,12.79,19.91,13.97,13.5,31.26,14.33,23.18,37.3,14.39,17.92,37.86,13.15,16.15,31,0,0,0.05,0,0,0,0,0,0,0,0,0.34,0,0,0.1,0,0,0.3,11.34,12.12,12.43,11.7,12.17,12.43,12.14,11.42,12.51,11.55,12.22,12.45,11,12.04,12.64,11.44,12.3,12.7
2024-11-26 01:00:00,3997,13.88,16.29,14.4086074829102,13.5261459350586,16.8,18.21,37.3,12.61,12.91,19.91,13.86,13.55,31.38,14.33,22.94,37.13,14.44,17.98,37.92,13.02,16.51,31,0,0,0.05,0,0,0,0,0,0,0,0,0.36,0,0,0.08,0,0,0.3,11,11.88,12.4,11.31,11.91,12.25,11.88,11.03,12.27,11.21,11.96,12.27,10.53,11.81,12.43,11.08,12.06,12.5
2024-11-26 02:00:00,4001,13.88,15.86,14.4334945678711,13.5068130493164,16.8,18.21,37.41,12.61,12.97,19.91,13.91,13.55,31.38,14.33,23.06,37.18,14.33,18.33,37.92,13.26,16.15,31,0,0,0.05,0,0,0,0,0,0,0,0,0.34,0,0,0.08,0,0,0.3,10.82,11.6,11.88,11.03,11.68,11.99,11.62,10.72,12.01,10.87,11.68,12.01,10.27,11.52,12.22,10.79,11.75,12.2
2024-11-26 03:00:00,4005,13.88,15.65,14.4304275512695,13.5320434570312,16.8,18.5,37.41,12.44,12.91,19.91,14.03,13.55,31.66,14.33,22.65,37.52,14.33,17.92,37.92,13.2,16.57,31,0,0,0.07,0,0,0,0,0,0,0,0,0.24,0,0,0.09,0,0,0.3,10.48,11.34,11.57,10.79,11.36,11.75,11.34,10.51,11.78,10.64,11.42,11.78,10.15,11.29,11.99,10.61,11.52,12
2024-11-26 04:00:00,4009,13.88,15.5,14.4546813964844,13.5309371948242,16.8,19.21,37.58,12.55,12.91,19.97,13.86,13.55,31.49,14.33,23.06,37.3,14.57,17.92,37.98,13.15,16.04,31,0,0,0.01,0,0,0,0,0,0,0,0,0.3,0,0,0.08,0,0,0.3,10.33,11.13,11.49,10.61,11.18,11.55,11.13,10.35,11.57,10.48,11.26,11.6,10.07,11.05,11.81,10.51,11.34,11.9
2024-11-26 05:00:00,4013,13.88,15.34,14.4328384399414,13.5765533447266,16.75,18.5,37.35,12.67,12.79,20.03,13.79,13.55,31.83,14.33,22.65,37.35,14.33,17.86,37.98,13.2,16.22,31,0,0,0.04,0,0,0,0,0,0,0,0,0.34,0,0,0.08,0,0,0.3,10.2,10.98,11.36,10.48,10.98,11.36,10.95,10.27,11.39,10.4,11.08,11.47,9.94,10.92,11.62,10.38,11.16,11.7
2024-11-26 06:00:00,4017,13.88,15.15,14.4166030883789,13.5379257202148,16.98,18.57,37.58,12.49,12.79,19.91,13.97,13.55,30.97,14.33,22.89,37.41,14.5,17.86,38.03,12.97,16.51,31,0,0,0.04,0,0,0,0,0,0,0,0,0.29,0,0,0.06,0,0,0.3,10.09,10.77,10.9,10.35,10.79,11.16,10.77,10.12,11.18,10.25,10.9,11.26,9.88,10.69,11.42,10.27,11,11.5
2024-11-26 07:00:00,4021,13.88,15.04,14.409782409668,13.5356216430664,16.92,18.57,37.58,12.61,13.02,19.91,14.26,13.55,31.43,14.33,23.01,37.24,14.5,17.8,38.03,13.15,16.15,31,0,0,0.1,0,0,0,0,0,0,0,0,0.34,0,0,0.08,0,0,0.3,10.12,10.59,10.79,10.22,10.59,10.92,10.59,10.01,10.98,10.12,10.72,11.05,9.78,10.51,11.23,10.17,10.82,11.3
2024-11-26 08:00:00,4025,13.88,15.02,14.4510650634766,13.5873718261719,16.75,18.63,37.24,12.55,12.79,20.32,14.03,13.62,31.32,14.33,22.94,37.58,14.26,17.86,38.08,13.02,16.15,31,0,0,0.08,0,0,0,0,0,0,0,0,0.26,0,0,0.07,0,0,0.3,9.99,10.4,11.05,10.12,10.38,10.74,10.43,9.96,10.79,10.07,10.59,10.85,9.78,10.38,11,10.12,10.69,11.1
2024-11-26 09:00:00,4029,13.88,15.2,14.5168533325195,13.6754455566406,16.75,18.57,37.63,12.55,12.84,19.97,14.09,13.62,31.38,14.33,22.89,37.47,14.44,17.92,38.08,13.2,16.15,31,0,0,0.1,0,0,0,0,0,0,0,0,0.3,0,0,0.07,0,0,0.3,10.12,10.35,10.48,10.27,10.3,10.61,10.35,10.2,10.69,10.22,10.48,10.72,10.17,10.3,10.85,10.4,10.61,11
2024-11-26 10:00:00,4033,13.88,15.42,14.4828720092773,14.1886825561523,18.16,18.68,37.47,12.73,12.97,19.97,13.97,20.61,31.66,14.26,22.6,37.58,16.69,17.92,38.15,13.15,16.57,31,0,0,0.09,0,0,0,0,0,0,0,0,0.32,0,0,0.06,0,0,0.3,10.56,10.43,10.59,10.64,10.35,10.61,10.48,10.9,10.72,10.69,10.59,10.77,10.79,10.48,10.79,10.87,10.72,11.1
2024-11-26 11:00:00,4037,13.88,15.23,14.975830078125,14.7281799316406,17.74,18.92,37.52,12.44,12.79,19.91,14.92,16.98,31.32,14.33,23.3,37.52,16.33,18.57,38.15,13.08,16.15,31,0,0,0.06,0,0,0,0,0,0,0,0,0.29,0,0,0.06,0,0,0.3,10.9,10.69,10.74,11,10.51,10.74,10.74,11.13,10.85,10.98,10.79,10.85,11.18,10.64,10.87,11.13,10.9,11.1
2024-11-26 12:00:00,4041,13.88,16.29,15.0696868896484,14.7423477172852,17.51,18.97,37.41,12.67,12.84,19.97,14.8,15.75,31.71,14.68,23.18,37.35,16.15,18.97,38.15,13.08,16.04,31,0,0,0.11,0,0,0,0,0,0,0,0,0.33,0,0,0.09,0,0,0.3,11.52,11,10.77,11.57,10.87,11,11.08,11.75,11.13,11.62,11.18,11.08,11.86,10.98,10.95,11.62,11.18,11.3
2024-11-26 13:00:00,4045,13.77,19.85,15.2659683227539,14.6322479248047,17.51,19.38,37.52,12.55,12.73,19.85,14.57,15.1,32.24,14.97,23.41,37.41,15.15,19.04,38.08,12.91,16.15,31,0,0,0.11,0,0,0,0,0,0,0,0,0.32,0,0,0.08,0,0,0.3,12.3,11.49,11.1,12.25,11.31,11.39,11.57,12.45,11.52,12.38,11.6,11.44,12.45,11.44,11.18,12.17,11.57,11.6
2024-11-26 14:00:00,4049,13.89,20.61,15.1315155029297,14.6182556152344,17.33,19.33,37.8,12.67,12.91,19.85,14.57,14.74,32.06,14.86,23.24,37.18,15.8,19.27,38.08,13.15,16.15,30.8,0,0,0.12,0,0,0,0,0,0,0,0,0.4,0,0,0.09,0,0,0.3,12.53,11.96,11.62,12.69,11.81,11.81,12.09,12.89,11.93,12.76,12.09,11.75,12.79,11.83,11.52,12.48,11.99,11.9
2024-11-26 15:00:00,4053,13.89,21.05,15.0948181152344,14.4679412841797,17.22,18.8,37.58,12.61,12.84,19.74,14.33,14.39,32.01,14.74,23.12,37.35,15.1,18.68,37.98,12.91,15.98,30.7,0,0,0.09,0,0,0,0,0,0,0,0,0.29,0,0,0.1,0,0,0.3,12.87,12.38,11.93,13.1,12.27,12.22,12.51,13.28,12.35,13.15,12.48,12.14,13.13,12.25,11.86,12.76,12.3,12.2
2024-11-26 16:00:00,4057,13.89,21.86,15.1240768432617,14.422004699707,17.16,18.97,37.52,12.31,12.49,19.74,14.39,14.33,31.89,14.62,22.83,37.52,15.39,18.63,37.92,13.08,16.15,30.5,0,0,0.09,0,0,0,0,0,0,0,0,0.24,0,0,0.1,0,0,0.3,12.89,12.64,12.45,13.15,12.64,12.58,12.82,13.31,12.69,13.18,12.79,12.4,13.02,12.53,12.12,12.71,12.58,12.5
2024-11-26 17:00:00,4061,13.89,21.7,14.6102523803711,13.9221649169922,17.16,18.97,37.52,12.37,12.79,19.85,14.39,14.15,31.78,14.57,22.89,37.52,15.57,18.68,37.92,14.26,15.98,30.4,0,0,0.08,0,0,0,0,0,0,0,0,0.3,0,0,0.1,0,0,0.3,12.87,12.87,12.58,13.18,12.84,12.84,13.02,13.34,12.89,13.26,13.05,12.69,12.71,12.66,12.4,12.69,12.74,12.7
2024-11-26 18:00:00,4065,13.89,20.95,14.5429382324219,13.8256530761719,17.16,19.04,37.24,12.37,12.67,19.74,14.09,14.15,31.2,14.39,22.54,37.35,15.04,18.39,37.98,14.09,16.8,30.4,0,0,0.1,0,0,0,0,0,0,0,0,0.32,0,0,0.09,0,0,0.3,12.38,12.84,12.92,12.79,12.89,12.95,13,12.76,12.97,12.79,13,12.74,11.96,12.66,12.56,12.12,12.71,12.8
2024-11-26 19:00:00,4069,13.89,19.67,14.4405288696289,13.8462295532227,17.04,18.92,37.47,12.37,12.49,19.56,14.15,13.97,31.66,14.39,22.78,37.41,14.74,18.45,37.92,13.62,16.22,30.6,0,0,0.11,0,0,0,0,0,0,0,0,0.3,0,0,0.1,0,0,0.3,11.99,12.66,12.69,12.4,12.74,12.84,12.76,12.25,12.84,12.3,12.74,12.64,11.47,12.43,12.61,11.75,12.48,12.7
2024-11-26 20:00:00,4073,13.89,20.18,14.4104690551758,13.8050918579102,16.98,18.8,37.35,12.31,12.67,19.67,14.33,13.91,31.71,14.33,23.24,37.41,14.68,18.33,37.98,13.55,16.45,30.7,0,0,0.07,0,0,0,0,0,0,0,0,0.29,0,0,0.1,0,0,0.3,11.47,12.35,12.58,11.93,12.51,12.66,12.45,11.62,12.64,11.73,12.43,12.45,10.87,12.14,12.53,11.26,12.22,12.5
2024-11-26 21:00:00,4077,13.89,20.61,14.4009552001953,13.8158416748047,16.98,18.97,37.63,12.37,12.67,19.62,14.09,13.86,31.43,14.33,22.83,37.24,14.68,18.39,37.98,13.38,16.62,30.8,0,0,0.04,0,0,0,0,0,0,0,0,0.31,0,0,0.1,0,0,0.3,10.92,11.96,12.38,11.39,12.12,12.38,12.01,11.05,12.32,11.16,11.99,12.17,10.3,11.81,12.32,10.74,11.88,12.2
2024-11-26 22:00:00,4081,13.88,21.33,14.4494705200195,13.7889099121094,16.98,18.92,37.41,12.44,12.61,19.56,13.91,13.86,31.66,14.33,22.54,37.47,15.21,18.33,38.03,13.32,16.39,30.8,0,0,0.04,0,0,0,0,0,0,0,0,0.33,0,0,0.1,0,0,0.3,10.38,11.55,12.12,10.85,11.7,11.96,11.57,10.43,11.91,10.59,11.6,11.81,9.78,11.34,12.04,10.25,11.47,11.9
2024-11-26 23:00:00,4085,13.89,22.17,14.4337387084961,13.7531890869141,17.22,18.74,37.52,12.49,12.61,19.62,14.09,13.86,31.43,14.33,22.83,37.58,14.86,18.63,38.08,12.97,16.15,30.8,0,0,0.1,0,0,0,0,0,0,0,0,0.38,0,0,0.09,0,0,0.3,9.83,11.03,11.36,10.27,11.18,11.47,11.05,9.78,11.47,10.01,11.1,11.44,9.17,10.9,11.73,9.73,11.03,11.5
2024-11-27 00:00:00,4089,13.88,21.88,14.3988418579102,13.7813415527344,17.09,18.97,37.63,12.26,12.84,19.74,13.97,13.86,31.49,14.26,22.71,37.3,14.74,18.39,38.08,13.2,16.45,30.8,0,0,0.09,0,0,0,0,0,0,0,0,0.34,0,0,0.08,0,0,0.3,9.36,10.53,10.74,9.78,10.69,10.98,10.53,9.33,10.98,9.54,10.64,11,8.69,10.46,11.31,9.25,10.53,11.1
2024-11-27 01:00:00,4093,13.86,21.42,14.3275833129883,13.813850402832,17.09,18.39,37.75,12.26,12.73,19.62,14.09,13.86,31.38,14.26,22.78,37.35,14.5,18.5,38.15,12.97,16.62,30.8,0,0,0.1,0,0,0,0,0,0,0,0,0.34,0,0,0.08,0,0,0.3,8.83,10.01,10.22,9.25,10.15,10.48,10.01,8.72,10.51,9.01,10.17,10.53,8.14,9.96,10.87,8.69,10.07,10.6
2024-11-27 02:00:00,4097,13.89,21.12,14.3484191894531,13.7907028198242,17.16,18.57,37.24,12.31,12.61,19.67,14.26,13.86,31.32,14.26,23.24,37.52,14.92,18.16,38.2,13.08,16.51,30.8,0,0,0.12,0,0,0,0,0,0,0,0,0.29,0,0,0.07,0,0,0.3,8.27,9.52,9.94,8.67,9.62,9.94,9.49,8.24,10.01,8.48,9.59,10.01,7.63,9.49,10.46,8.16,9.52,10.1
2024-11-27 03:00:00,4101,13.89,20.73,14.2890853881836,13.7416458129883,17.04,18.74,37.58,12.37,12.79,19.74,13.97,13.86,31.89,14.26,22.65,38.6,14.86,18.21,38.26,13.2,16.39,30.8,0,0,0.13,0,0,0,0,0,0,0,0,0.24,0,0,0.06,0,0,0.3,7.76,8.96,9.41,8.16,9.07,9.36,8.96,7.74,9.46,7.98,9.12,9.52,7.15,8.96,9.99,7.66,9.04,9.7
2024-11-27 04:00:00,4105,13.89,20.27,14.3141708374023,13.7841720581055,17.09,18.45,37.63,12.31,12.79,19.56,14.03,13.97,31.78,14.26,22.54,37.52,14.74,18.27,38.31,13.2,16.27,30.8,0,0,0.11,0,0,0,0,0,0,0,0,0.31,0,0,0.05,0,0,0.3,7.5,8.46,8.96,7.66,8.53,8.85,8.46,7.29,8.99,7.5,8.61,9.07,6.76,8.53,9.52,7.23,8.51,9.2
2024-11-27 05:00:00,4109,13.89,20.7,14.3639221191406,13.6759185791016,17.09,18.68,38.03,12.31,12.79,19.56,14.09,13.91,31.83,14.26,22.83,37.92,14.74,18.45,38.37,13.02,16.45,30.8,0,0,0.07,0,0,0,0,0,0,0,0,0.24,0,0,0.05,0,0,0.2,7.21,8.03,8.69,7.34,8.08,8.43,8.03,7.07,8.53,7.21,8.19,8.64,6.67,8.11,9.04,7.02,8.08,8.8
2024-11-27 06:00:00,4113,13.89,20.77,14.2804260253906,13.6999740600586,17.09,18.74,37.92,12.31,12.61,19.56,14.5,13.79,31.94,14.33,22.54,38.03,14.74,18.1,38.26,12.97,16.51,30.8,0,0,0.05,0,0,0,0,0,0,0,0,0.22,0,0,0.05,0,0,0.2,6.99,7.71,7.82,7.13,7.79,8.08,7.74,6.89,8.22,7.07,7.92,8.32,6.51,7.82,8.67,6.89,7.84,8.5
2024-11-27 07:00:00,4117,13.89,20.47,14.2968521118164,13.6372299194336,17.04,18.5,37.35,12.37,12.67,19.56,14.15,13.91,31.55,14.21,22.42,37.75,14.57,18.16,38.43,13.26,16.1,30.7,0,0,0.13,0,0,0,0,0,0,0,0,0.28,0,0,0.04,0,0,0.2,6.86,7.42,7.74,6.83,7.47,7.82,7.45,6.57,7.9,6.76,7.63,8,6.16,7.53,8.35,6.57,7.55,8.1
2024-11-27 08:00:00,4121,13.89,20.43,14.9640808105469,14.4786758422852,18.86,19.21,37.7,14.86,12.61,19.67,15.04,18.21,31.55,15.57,22.94,37.86,17.16,18.86,38.54,16.57,17.27,30.7,0,0,0.13,0,0,0,0,0,0,0,0,0.28,0,0,0.05,0,0,0.2,6.14,7.07,7.47,6.46,7.13,7.47,7.07,6.19,7.61,6.43,7.29,7.74,5.95,7.18,8.06,6.35,7.26,7.9
2024-11-27 09:00:00,4125,13.89,21.16,14.9823150634766,14.5887908935547,18.33,19.51,37.75,15.51,12.79,19.51,14.92,16.8,31.78,15.33,23.53,38.03,16.39,19.38,38.6,15.75,17.39,31.6,0,0,0.17,0,0,0,0,0,0,0,0,0.26,0,0,0.03,0,0,0.2,6.57,6.89,7.02,6.59,6.91,7.31,6.89,6.57,7.42,6.59,7.1,7.5,6.57,6.99,7.76,6.65,7.07,7.7
2024-11-27 10:00:00,4129,11.73,20.7,15.1201934814453,14.5128479003906,18.39,20.03,38.6,15.1,13.15,20.03,15.1,16.51,32.01,16.04,23.47,38.08,16.22,19.62,38.76,14.74,16.98,31.8,0,0,0.25,0,0,0,0,0,0,0,0,0.27,0,0,0.01,0,0,0.2,7.45,7.05,7.37,7.37,7.05,7.39,7.07,7.76,7.5,7.5,7.29,7.61,8.08,7.21,7.68,7.76,7.23,7.8
2024-11-27 11:00:00,4133,13.89,19.88,15.1189498901367,14.4149932861328,18.03,19.56,37.8,14.92,13.08,19.74,14.92,15.51,32.24,15.15,24.51,38.08,15.86,19.27,38.54,14.74,17.04,32,0,0,0.15,0,0,0,0,0,0,0,0,0.21,0,0,0.05,0,0,0.3,9.17,7.76,8,8.75,7.58,7.9,7.84,9.52,7.98,9.12,8,8.06,9.99,7.92,7.9,9.36,7.9,8.2
2024-11-27 12:00:00,4137,13.89,22.71,15.2130584716797,14.3584671020508,17.8,19.27,37.98,14.8,13.15,19.8,14.68,15.15,31.89,15.1,23.76,38.03,15.8,18.97,38.48,14.03,17.56,32,0,0,0.12,0,0,0,0,0,0,0,0,0.24,0,0,0.05,0,0,0.3,11.6,8.93,8.4,10.61,8.53,8.69,8.91,11.7,8.75,11.34,9.01,8.67,12.35,8.99,8.38,11.36,8.96,8.9
2024-11-27 13:00:00,4141,13.89,24.79,15.019905090332,14.3271560668945,17.74,19.44,37.75,14.57,13.32,19.97,14.86,14.62,31.83,14.97,23.64,37.7,15.62,19.04,38.37,14.26,16.98,32,0,0,0.15,0,0,0,0,0,0,0,0,0.32,0,0,0.07,0,0,0.3,13.62,10.35,9.38,12.48,9.78,9.73,10.27,13.75,9.7,13.28,10.27,9.52,14.21,10.38,9.09,13.1,10.33,9.8
2024-11-27 14:00:00,4145,13.89,23.95,15.1147689819336,14.2058639526367,17.63,19.21,37.63,14.26,13.15,19.91,14.57,14.5,31.94,14.86,23.64,38.15,15.62,18.97,38.2,13.91,16.86,31.9,0,0,0.12,0,0,0,0,0,0,0,0,0.28,0,0,0.1,0,0,0.3,14.7,11.81,10.43,14.11,11.21,10.82,11.75,15.28,10.82,14.54,11.65,10.51,15.41,11.81,9.99,14.31,11.68,10.7
2024-11-27 15:00:00,4149,13.89,24.41,14.875358581543,14.1956939697266,17.63,19.33,37.75,14.03,13.15,19.97,14.62,14.26,32.01,14.8,23.41,37.86,15.68,18.86,38.15,13.5,16.8,31.7,0,0,0.12,0,0,0,0,0,0,0,0,0.3,0,0,0.11,0,0,0.3,15.62,13.05,11.42,15.11,12.51,11.96,13.15,16.16,12.06,15.52,12.97,11.73,16.1,12.97,10.95,15.05,12.84,11.7
2024-11-27 16:00:00,4153,13.89,25.06,14.8417587280273,14.1090316772461,17.56,19.15,37.7,13.86,13.32,20.32,14.5,13.97,31.78,14.74,22.94,37.52,15.92,18.45,37.92,13.2,16.8,31.6,0,0,0.12,0,0,0,0,0,0,0,0,0.33,0,0,0.11,0,0,0.3,15.75,14.03,12.22,15.62,13.64,13.1,14.26,16.59,13.21,16.16,14.26,12.89,15.93,13.85,11.91,15.13,13.64,12.6
2024-11-27 17:00:00,4157,13.89,25.07,14.7277145385742,13.9841918945313,17.51,19.21,37.3,13.79,13.02,19.97,14.26,13.91,31.66,14.62,23.06,37.18,14.92,18.39,37.92,13.55,17.22,31.4,0,0,0.11,0,0,0,0,0,0,0,0,0.36,0,0,0.11,0,0,0.3,15.57,14.64,13.34,15.75,14.52,14.03,15.03,16.54,14.08,16.39,15.23,13.8,15.49,14.34,12.74,14.95,14.16,13.3
2024-11-27 18:00:00,4161,13.89,24.83,14.5205230712891,13.8905792236328,17.33,19.15,37.24,13.68,13.26,19.97,14.33,13.86,31.55,14.57,22.71,37.18,14.86,18.16,37.75,13.2,16.45,31.3,0,0,0.09,0,0,0,0,0,0,0,0,0.37,0,0,0.13,0,0,0.3,15.26,14.9,13.93,15.44,14.9,14.49,15.23,15.87,14.49,15.93,15.41,14.26,14.75,14.52,13.34,14.49,14.34,13.7
2024-11-27 19:00:00,4165,13.39,24.31,14.5083923339844,13.8611450195313,17.63,19.04,37.75,13.55,12.91,19.91,14.09,13.73,31.32,14.57,23.18,37.52,14.86,18.16,38.03,13.32,16.51,31.2,0,0,0.06,0,0,0,0,0,0,0,0,0.27,0,0,0.1,0,0,0.3,14.54,14.82,14.26,15.05,14.95,14.67,15.13,15.13,14.64,15.28,15.23,14.41,14.18,14.39,13.72,14.08,14.29,13.8
2024-11-27 20:00:00,4169,13.89,23.93,14.5009994506836,13.8386459350586,17.33,19.04,37.41,13.44,13.08,19.97,14.33,13.79,31.32,14.5,22.6,37.24,14.74,18.1,37.7,13.38,16.57,31.2,0,0,0.16,0,0,0,0,0,0,0,0,0.35,0,0,0.14,0,0,0.3,14.36,14.59,14.41,14.7,14.82,14.7,14.9,14.64,14.67,14.75,14.98,14.46,13.75,14.18,13.9,13.77,14.13,13.9
2024-11-27 21:00:00,4173,13.89,23.75,14.5519027709961,13.7613906860352,17.33,19.21,37.7,13.08,12.91,19.91,14.15,13.73,31.66,14.5,22.6,37.13,15.1,18.5,37.75,13.32,16.62,31.2,0,0,0.14,0,0,0,0,0,0,0,0,0.35,0,0,0.13,0,0,0.3,13.95,14.44,14.18,14.44,14.67,14.67,14.64,14.26,14.59,14.34,14.72,14.44,13.44,14.03,13.95,13.54,14,13.9
2024-11-27 22:00:00,4177,13.89,23.61,14.4490509033203,13.8199310302734,17.27,18.8,37.75,13.15,13.08,19.97,14.26,13.79,31.43,14.5,22.78,37.18,14.97,18.57,37.75,13.38,16.39,31.2,0,0,0.06,0,0,0,0,0,0,0,0,0.33,0,0,0.14,0,0,0.3,13.77,14.26,14.23,14.21,14.46,14.57,14.41,13.98,14.49,14.08,14.49,14.36,13.28,13.93,13.95,13.39,13.88,13.9
2024-11-27 23:00:00,4181,13.89,23.49,14.4564743041992,13.7865371704102,17.27,18.68,37.3,13.08,12.91,19.97,14.26,13.79,31.71,14.5,22.6,37.18,15.27,18.39,37.75,13.02,16.39,31.1,0,0,0.11,0,0,0,0,0,0,0,0,0.31,0,0,0.13,0,0,0.3,13.67,14.13,14.31,14,14.34,14.46,14.23,13.8,14.36,13.88,14.29,14.26,13.13,13.75,13.95,13.26,13.75,13.9
2024-11-28 00:00:00,4185,13.89,23.38,14.4921417236328,13.7066650390625,17.27,18.68,37.52,13.02,12.97,19.97,14.26,13.79,31.09,14.5,22.48,37.18,15.04,18.16,37.7,13.38,16.75,31.2,0,0,0.09,0,0,0,0,0,0,0,0,0.35,0,0,0.14,0,0,0.3,13.82,14,13.95,13.85,14.18,14.39,14.05,13.54,14.26,13.64,14.08,14.18,13,13.64,13.93,13.13,13.64,13.9
2024-11-28 01:00:00,4189,13.89,23.23,14.3940582275391,13.7634887695313,17.27,19.15,37.35,12.97,12.91,20.03,14.03,13.79,31.89,14.39,22.89,37.07,14.39,18.1,37.7,13.15,16.27,31.1,0,0,0.1,0,0,0,0,0,0,0,0,0.35,0,0,0.13,0,0,0.3,13.26,13.85,13.85,13.7,14.03,14.26,13.9,13.36,14.16,13.47,13.98,14.05,12.79,13.54,13.85,12.97,13.57,13.8
2024-11-28 02:00:00,4193,13.89,23.09,14.4473724365234,13.6874694824219,17.22,18.97,37.75,12.91,12.97,19.91,13.97,13.73,31.09,14.5,22.83,37.41,15.15,18.33,37.7,13.02,16.69,31.1,0,0,0.08,0,0,0,0,0,0,0,0,0.37,0,0,0.13,0,0,0.3,13.1,13.7,13.77,13.52,13.93,14.16,13.75,13.21,14.03,13.31,13.77,13.95,12.64,13.41,13.82,12.84,13.44,13.8
2024-11-28 03:00:00,4197,13.89,22.85,14.4343643188477,13.6939315795898,17.27,18.86,37.47,12.91,12.84,19.97,14.03,13.73,31.32,14.39,22.89,37.52,14.97,18.1,37.75,13.15,16.39,31.1,0,0,0.09,0,0,0,0,0,0,0,0,0.34,0,0,0.11,0,0,0.3,12.95,13.57,13.85,13.34,13.75,14,13.62,13.02,13.9,13.1,13.59,13.85,12.43,13.28,13.75,12.69,13.31,13.7
2024-11-28 04:00:00,4201,13.89,22.35,14.4043350219727,13.6022033691406,17.22,18.57,37.58,13.02,12.91,20.38,14.03,13.73,31.66,14.39,22.83,37.35,14.86,17.98,37.75,12.91,16.45,31.1,0,0,0.02,0,0,0,0,0,0,0,0,0.31,0,0,0.13,0,0,0.3,12.69,13.41,13.44,13.1,13.59,13.82,13.44,12.79,13.75,12.87,13.47,13.67,12.14,13.15,13.59,12.45,13.21,13.5
2024-11-28 05:00:00,4205,13.89,21.86,14.3865356445313,13.6690216064453,17.22,18.8,37.47,12.79,12.84,19.91,14.09,13.73,31.2,14.39,23.3,37.24,14.8,17.86,37.75,13.32,16.62,31.1,0,0,0.02,0,0,0,0,0,0,0,0,0.3,0,0,0.12,0,0,0.3,12.45,13.15,13.36,12.82,13.36,13.59,13.18,12.48,13.54,12.58,13.21,13.49,11.96,12.95,13.49,12.22,13,13.4
2024-11-28 06:00:00,4209,13.89,21.93,14.475715637207,13.6151123046875,17.22,19.15,37.75,12.91,12.97,20.03,14.33,13.68,31.2,14.5,22.65,37.41,14.74,17.98,38.31,13.2,16.45,31.1,0,0,0.08,0,0,0,0,0,0,0,0,0.26,0,0,0.09,0,0,0.3,12.38,12.97,13,12.71,13.18,13.41,12.97,12.43,13.34,12.45,13.02,13.31,11.96,12.76,13.31,12.25,12.82,13.3
2024-11-28 07:00:00,4213,13.89,22.04,14.3802185058594,13.6411056518555,17.16,18.74,37.3,13.02,12.91,19.91,14.03,13.73,31.32,14.33,22.48,37.41,15.04,17.86,37.75,13.08,16.39,30.9,0,0,0.13,0,0,0,0,0,0,0,0,0.35,0,0,0.12,0,0,0.3,12.32,12.84,12.97,12.61,13,13.26,12.84,12.38,13.15,12.4,12.89,13.13,11.96,12.61,13.15,12.19,12.69,13.1
2024-11-28 08:00:00,4217,13.89,22.25,15.1124572753906,14.2390747070312,18.86,19.85,37.52,15.98,13.02,20.09,15.21,17.56,31.2,15.62,23.12,37.41,17.09,18.63,38.03,16.22,18.21,31.1,0,0,0.12,0,0,0,0,0,0,0,0,0.34,0,0,0.11,0,0,0.3,12.3,12.74,12.76,12.56,12.84,13.13,12.71,12.38,13.08,12.4,12.79,13.02,12.04,12.56,13.08,12.19,12.66,13.1
2024-11-28 09:00:00,4221,13.89,23.24,15.1054382324219,14.3218307495117,18.21,19.91,37.52,15.75,13.15,19.91,14.92,16.22,32.12,15.33,23.99,37.07,16.22,19.09,37.86,14.92,17.16,32,0,0,0.14,0,0,0,0,0,0,0,0,0.41,0,0,0.13,0,0,0.3,12.71,12.71,12.97,12.89,12.82,13.1,12.76,12.84,13.05,12.74,12.76,13.02,12.82,12.58,12.97,12.74,12.69,13
2024-11-28 10:00:00,4225,13.89,23.65,15.1482009887695,14.4058227539063,18.03,19.74,37.86,15.44,13.44,20.21,14.74,15.39,31.83,15.27,23.87,37.3,15.75,19.27,37.75,14.5,17.09,32.2,0,0,0.09,0,0,0,0,0,0,0,0,0.29,0,0,0.13,0,0,0.3,13.21,12.97,13.18,13.31,12.97,13.21,13.02,13.41,13.21,13.26,13.05,13.15,13.54,12.82,13.05,13.26,12.89,13.2
2024-11-28 11:00:00,4229,13.89,23.69,15.1717071533203,14.30029296875,17.92,19.74,37.47,15.15,13.38,20.61,14.92,14.97,31.89,15.21,23.76,37.13,15.44,18.86,37.86,14.39,17.04,32.2,0,0,0.15,0,0,0,0,0,0,0,0,0.36,0,0,0.13,0,0,0.3,14.44,13.36,13.44,14.29,13.34,13.54,13.44,14.7,13.54,14.39,13.49,13.47,14.95,13.31,13.23,14.41,13.34,13.5
2024-11-28 12:00:00,4233,13.89,24.91,15.2054824829102,14.1879959106445,17.92,19.51,37.3,14.74,13.55,20.55,14.62,14.57,31.78,15.1,23.71,37.24,15.27,18.8,37.75,14.21,17.27,32.2,0,0,0.19,0,0,0,0,0,0,0,0,0.33,0,0,0.14,0,0,0.3,16.23,14.23,13.72,15.64,14,14.05,14.23,16.44,14.08,16.1,14.23,13.93,16.8,14.08,13.59,16,14.08,14
2024-11-28 13:00:00,4237,13.89,25.62,15.0185470581055,14.0422439575195,17.8,19.38,37.8,14.44,13.38,20.21,14.57,14.33,32.63,14.97,23.47,37.35,15.04,18.92,37.63,13.68,17.09,32.2,0,0,0.13,0,0,0,0,0,0,0,0,0.34,0,0,0.15,0,0,0.3,17.82,15.31,14.36,17.18,14.95,14.8,15.26,18.1,14.85,17.69,15.23,14.52,18.28,15.21,14.16,17.39,15.13,14.7
2024-11-28 14:00:00,4241,13.89,25.72,15.0262985229492,13.9782943725586,17.8,19.27,37.7,14.21,13.44,20.26,14.68,14.15,31.71,14.86,23.35,36.9,15.27,18.8,37.52,13.86,17.16,32.1,0,0,0.14,0,0,0,0,0,0,0,0,0.39,0,0,0.17,0,0,0.3,19.15,16.51,15.26,18.44,16,15.64,16.41,19.33,15.69,18.74,16.31,15.31,19.36,16.39,14.9,18.36,16.21,15.4
2024-11-28 15:00:00,4245,13.89,26.09,14.9798889160156,13.8578109741211,17.63,19.04,37.35,13.79,13.44,20.26,14.44,14.03,32.06,14.86,23.06,37.07,14.8,18.63,37.41,13.32,16.92,31.9,0,0,0.11,0,0,0,0,0,0,0,0,0.32,0,0,0.18,0,0,0.3,19.59,17.51,15.87,19.28,17.08,16.57,17.59,20.21,16.75,19.62,17.51,16.39,19.91,17.41,15.69,19,17.16,16.2
2024-11-28 16:00:00,4249,13.89,25.63,14.7992095947266,13.7184906005859,17.63,18.92,37.24,13.55,13.26,20.14,14.33,13.86,31.83,14.74,22.94,37.07,14.86,18.45,37.35,13.15,16.75,31.8,0,0,0.12,0,0,0,0,0,0,0,0,0.31,0,0,0.18,0,0,0.3,19.83,18.36,16.82,19.8,18.03,17.51,18.64,20.65,17.77,20.32,18.64,17.49,19.8,18.13,16.49,19.15,17.9,17
2024-11-28 17:00:00,4253,13.89,23.93,14.7387466430664,13.7360610961914,17.56,19.21,37.52,13.32,13.26,20.38,14.15,13.73,31.83,14.74,22.89,37.02,15.04,18.57,37.3,13.32,16.69,31.9,0,0,0.12,0,0,0,0,0,0,0,0,0.43,0,0,0.2,0,0,0.3,19.36,18.82,17.69,19.59,18.72,18.23,19.21,20.19,18.44,20.14,19.33,18.21,18.82,18.51,17.21,18.59,18.28,17.5
2024-11-28 18:00:00,4257,13.86,22.17,14.6654357910156,13.6897506713867,17.45,18.97,37.35,13.15,13.15,20.5,14.15,13.68,31.78,14.68,23.06,37.07,15.62,18.33,37.24,13.5,16.98,31.7,0,0,0.17,0,0,0,0,0,0,0,0,0.37,0,0,0.2,0,0,0.3,18.46,18.85,17.95,18.9,18.85,18.46,19.15,19.03,18.64,19.21,19.26,18.41,17.57,18.36,17.67,17.64,18.23,17.8
2024-11-28 19:00:00,4261,13.89,22.47,14.624885559082,13.6666793823242,17.51,18.97,37.13,13.2,13.15,20.26,14.09,13.73,31.83,14.68,23.01,37.3,14.92,18.39,37.3,13.2,17.04,31.6,0,0,0.12,0,0,0,0,0,0,0,0,0.34,0,0,0.19,0,0,0.3,17.51,18.44,17.95,18.1,18.62,18.44,18.69,17.92,18.51,18.18,18.82,18.33,16.59,18,17.82,16.85,17.87,17.7
2024-11-28 20:00:00,4265,13.89,22.39,14.5613327026367,13.7229309082031,17.56,18.97,37.18,13.02,13.08,20.5,14.09,13.68,31.32,14.68,23.06,36.84,15.1,18.27,37.35,13.15,16.98,31.6,0,0,0.14,0,0,0,0,0,0,0,0,0.43,0,0,0.19,0,0,0.3,16.75,17.92,17.74,17.36,18.18,18.13,18.13,16.98,18.21,17.31,18.28,18.05,15.87,17.51,17.72,16.21,17.41,17.5
2024-11-28 21:00:00,4269,13.89,22.11,14.5982055664062,13.6810150146484,17.45,18.8,37.47,13.15,13.15,20.14,14.26,13.73,31.6,14.62,22.94,37.47,14.86,18.27,37.18,13.08,16.75,31.6,0,0,0.14,0,0,0,0,0,0,0,0,0.39,0,0,0.19,0,0,0.3,16.08,17.36,17.33,16.67,17.64,17.77,17.51,16.26,17.77,16.54,17.67,17.69,15.18,17.03,17.51,15.62,16.98,17.3
2024-11-28 22:00:00,4273,13.89,21.54,14.500129699707,13.7189407348633,17.51,19.33,37.13,13.15,13.15,20.14,14.39,13.68,31.55,14.62,22.78,36.67,14.74,18.1,37.35,13.26,16.75,31.6,0,0,0.13,0,0,0,0,0,0,0,0,0.43,0,0,0.17,0,0,0.3,15.39,16.8,17.16,15.98,17.08,17.26,16.87,15.44,17.26,15.8,17.05,17.28,14.57,16.51,17.21,15,16.46,16.8
2024-11-28 23:00:00,4277,13.89,21.03,14.5360946655273,13.6770477294922,17.51,18.8,37.58,13.02,13.02,20.14,14.44,13.73,31.89,14.62,23.06,36.84,15.1,18.27,37.41,13.02,17.22,31.6,0,0,0.12,0,0,0,0,0,0,0,0,0.37,0,0,0.17,0,0,0.3,14.85,16.18,16.49,15.36,16.46,16.69,16.26,14.77,16.75,15.18,16.41,16.75,14.03,15.95,16.77,14.49,15.9,16.3
2024-11-29 00:00:00,4281,13.88,20.46,14.4939880371094,13.7494964599609,17.45,18.8,37.41,13.15,13.08,20.21,14.03,13.73,31.26,14.62,23.01,37.07,15.44,18.1,37.35,13.26,16.51,31.6,0,0,0.13,0,0,0,0,0,0,0,0,0.39,0,0,0.17,0,0,0.3,14.39,15.57,15.98,14.72,15.82,16.08,15.62,14.16,16.13,14.54,15.85,16.21,13.47,15.41,16.31,13.98,15.39,15.9
2024-11-29 01:00:00,4285,13.88,19.95,14.5242309570312,13.6663360595703,17.45,19.21,37.52,13.02,13.08,20.09,14.03,13.79,31.43,14.62,23.01,37.02,15.44,18.45,37.47,13.38,16.51,31.6,0,0,0.11,0,0,0,0,0,0,0,0,0.3,0,0,0.17,0,0,0.3,13.67,15.03,15.18,14.11,15.21,15.52,15,13.57,15.54,13.95,15.23,15.67,12.82,14.85,15.85,13.39,14.85,15.4
2024-11-29 02:00:00,4289,13.88,20.14,14.5222930908203,13.7026214599609,17.45,19.15,37.52,13.08,13.15,20.09,14.03,13.73,31.32,14.68,23.01,37.18,15.15,18.1,37.52,13.08,16.75,31.6,0,0,0.12,0,0,0,0,0,0,0,0,0.4,0,0,0.15,0,0,0.3,13.08,14.41,14.8,13.49,14.59,14.9,14.41,12.92,14.93,13.36,14.67,15.11,12.3,14.34,15.31,12.84,14.29,14.9
2024-11-29 03:00:00,4293,13.88,20.13,14.4997253417969,13.6199798583984,17.33,19.15,37.07,13.02,13.02,20.09,14.09,13.79,31.43,14.68,23.24,37.18,14.97,18.27,37.52,13.32,16.45,31.6,0,0,0.15,0,0,0,0,0,0,0,0,0.36,0,0,0.16,0,0,0.3,12.53,13.85,14.36,12.89,13.98,14.31,13.8,12.43,14.36,12.79,14.11,14.57,11.78,13.77,14.82,12.3,13.75,14.3
2024-11-29 04:00:00,4297,13.88,20.21,14.4907913208008,13.6829986572266,17.33,18.8,37.63,13.08,13.02,20.09,14.03,13.73,31.43,14.62,23.12,36.9,14.68,18.1,37.63,13.08,16.39,31.6,0,0,0.14,0,0,0,0,0,0,0,0,0.37,0,0,0.14,0,0,0.3,12.06,13.31,13.54,12.43,13.41,13.72,13.26,11.91,13.82,12.32,13.57,14.03,11.36,13.26,14.31,11.86,13.23,13.9
2024-11-29 05:00:00,4301,13.88,20.07,14.4609756469727,13.6860656738281,17.27,19.21,37.41,12.91,12.97,19.97,14.26,13.86,31.78,14.62,22.78,37.7,14.68,17.98,37.63,13.44,16.57,31.6,0,0,0.1,0,0,0,0,0,0,0,0,0.25,0,0,0.14,0,0,0.3,11.6,12.76,13.21,11.91,12.84,13.18,12.71,11.52,13.31,11.86,13,13.52,10.95,12.74,13.8,11.42,12.76,13.4
2024-11-29 06:00:00,4305,13.88,19.83,14.504035949707,13.631591796875,17.27,19.15,37.52,12.91,13.15,20.09,14.39,13.73,31.26,14.74,22.89,37.52,14.57,17.98,38.31,13.26,16.86,31.6,0,0,0.05,0,0,0,0,0,0,0,0,0.35,0,0,0.11,0,0,0.3,11.16,12.27,12.74,11.49,12.38,12.69,12.25,11.1,12.79,11.47,12.56,13,10.59,12.32,13.34,11.05,12.3,12.9
2024-11-29 07:00:00,4309,13.88,20.67,14.4364013671875,13.5543594360352,17.27,18.92,37.58,13.02,13.08,20.03,14.03,13.79,31.43,14.62,22.78,37.35,15.39,17.74,37.75,13.32,17.16,31.4,0,0,0.12,0,0,0,0,0,0,0,0,0.36,0,0,0.12,0,0,0.3,10.74,11.83,12.25,11.05,11.86,12.19,11.78,10.69,12.3,11.03,12.09,12.53,10.2,11.88,12.87,10.64,11.86,12.5
2024-11-29 08:00:00,4313,13.88,21.48,15.1652069091797,14.222785949707,18.86,19.91,37.7,15.57,13.02,19.85,15.44,17.51,31.15,15.86,24.4,37.24,17.27,18.68,37.92,16.51,17.92,31.7,0,0,0.17,0,0,0,0,0,0,0,0,0.33,0,0,0.13,0,0,0.3,10.22,11.36,11.62,10.46,11.42,11.78,11.29,10.2,11.86,10.56,11.68,12.12,9.78,11.49,12.43,10.3,11.44,12.1
2024-11-29 09:00:00,4317,13.89,20.91,15.2472915649414,14.424186706543,18.33,20.03,37.63,15.86,13.5,20.03,15.15,16.27,31.83,15.57,24.23,37.35,16.22,19.21,37.98,15.27,17.86,32.5,0,0,0.14,0,0,0,0,0,0,0,0,0.3,0,0,0.11,0,0,0.3,10.27,11,11.18,10.46,11.03,11.42,10.95,10.33,11.49,10.46,11.29,11.75,10.27,11.13,11.99,10.46,11.13,11.7
2024-11-29 10:00:00,4321,13.89,21.48,15.2542572021484,14.3748626708984,18.21,20.03,37.7,15.75,13.55,20.14,14.86,15.44,31.94,15.51,24.23,37.47,16.1,18.8,37.98,14.8,17.56,32.8,0,0,0.15,0,0,0,0,0,0,0,0,0.34,0,0,0.13,0,0,0.3,11.36,11.03,11.18,11.18,11,11.34,11.03,11.47,11.47,11.29,11.31,11.7,11.78,11.18,11.81,11.47,11.18,11.7
2024-11-29 11:00:00,4325,13.89,23.44,15.2565002441406,14.3181991577148,18.1,20.09,37.63,15.33,13.62,20.26,14.86,14.97,31.78,15.44,24.4,37.47,15.44,18.97,37.98,14.74,17.98,32.9,0,0,0.18,0,0,0,0,0,0,0,0,0.29,0,0,0.14,0,0,0.3,12.82,11.6,11.55,12.45,11.42,11.7,11.6,13.13,11.83,12.79,11.86,11.96,13.64,11.78,11.86,12.95,11.7,12.1
2024-11-29 12:00:00,4329,13.89,24.58,15.2551727294922,14.111083984375,18.03,20.03,37.75,14.97,13.55,20.44,14.68,14.68,31.94,15.33,24.23,37.3,15.86,18.86,37.86,14.68,17.22,32.8,0,0,0.13,0,0,0,0,0,0,0,0,0.32,0,0,0.14,0,0,0.3,15.05,12.64,12.06,14.16,12.27,12.4,12.64,15.18,12.51,14.9,12.79,12.53,15.67,12.74,12.3,14.87,12.71,12.7
2024-11-29 13:00:00,4333,13.89,24.69,15.2324981689453,14.0698776245117,17.98,19.85,37.8,14.68,13.44,20.5,14.68,14.39,31.66,15.27,24.8,37.52,15.1,18.68,37.75,14.15,17.16,32.7,0,0,0.17,0,0,0,0,0,0,0,0,0.29,0,0,0.14,0,0,0.3,16.23,13.82,12.69,15.49,13.36,13.28,13.77,16.51,13.31,16.21,13.8,13.23,16.8,13.9,12.92,16,13.75,13.4
2024-11-29 14:00:00,4337,13.89,25.07,15.1713638305664,14.0306549072266,17.92,19.56,37.75,14.15,13.5,20.44,14.57,14.26,31.71,15.15,23.94,37.13,14.97,18.8,37.63,13.86,17.04,32.6,0,0,0.17,0,0,0,0,0,0,0,0,0.32,0,0,0.15,0,0,0.3,17.33,14.95,13.75,16.77,14.46,14.16,14.9,17.72,14.21,17.28,14.93,14.03,17.92,15.05,13.67,17.03,14.85,14.2
2024-11-29 15:00:00,4341,13.89,25.07,15.2202682495117,14.0502014160156,17.8,19.74,37.86,14.15,13.38,20.5,14.44,14.15,31.83,15.1,23.76,37.07,15.1,18.68,37.52,13.97,17.27,32.5,0,0,0.14,0,0,0,0,0,0,0,0,0.36,0,0,0.18,0,0,0.3,17.62,15.87,14.49,17.23,15.49,15.08,15.93,18,15.11,17.69,15.95,14.93,17.74,15.85,14.41,17.08,15.69,14.9
2024-11-29 16:00:00,4345,13.89,25,15.0114974975586,13.9415893554687,17.74,19.21,37.41,13.68,13.38,20.26,14.5,13.91,31.43,15.1,23.71,37.47,15.27,18.39,37.52,13.5,17.09,32.3,0,0,0.12,0,0,0,0,0,0,0,0,0.32,0,0,0.16,0,0,0.3,17.9,16.54,15.28,17.51,16.21,15.8,16.67,18.1,15.93,17.92,16.72,15.67,17.54,16.34,15.11,17.05,16.18,15.5
2024-11-29 17:00:00,4349,13.89,24.9,14.93896484375,13.8686218261719,17.69,19.15,37.3,13.62,13.08,20.26,14.44,13.86,31.66,14.97,23.47,37.24,15.1,18.21,37.47,13.62,17.09,32.2,0,0,0.17,0,0,0,0,0,0,0,0,0.38,0,0,0.17,0,0,0.3,17.26,16.85,16,17.44,16.69,16.36,17.05,17.82,16.44,17.8,17.1,16.23,16.98,16.59,15.64,16.75,16.46,15.9
2024-11-29 18:00:00,4353,13.89,24.64,14.8820571899414,13.7239151000977,17.69,19.33,37.47,13.79,13.38,20.32,14.15,13.86,31.38,14.97,23.41,37.02,14.74,17.98,37.47,13.79,16.75,32,0,0,0.14,0,0,0,0,0,0,0,0,0.37,0,0,0.17,0,0,0.3,16.75,16.9,16.34,17.13,16.9,16.67,17.1,17.21,16.72,17.28,17.16,16.46,16.31,16.59,15.98,16.28,16.51,16.1
2024-11-29 19:00:00,4357,13.89,24.08,14.8390121459961,13.6014404296875,17.51,19.44,37.52,13.44,13.15,20.21,14.15,13.79,31.26,14.92,23.06,36.79,14.68,17.98,37.35,13.5,16.98,32,0,0,0.14,0,0,0,0,0,0,0,0,0.39,0,0,0.18,0,0,0.3,16.28,16.69,16.23,16.59,16.8,16.69,16.87,16.49,16.69,16.62,16.9,16.46,15.67,16.36,16.18,15.8,16.31,16.2
2024-11-29 20:00:00,4361,13.89,23.45,14.7929763793945,13.5923080444336,17.63,19.44,37.47,13.62,13.32,20.26,14.03,13.79,31.32,14.86,23.35,37.35,15.27,18.21,37.35,13.38,16.57,32,0,0,0.16,0,0,0,0,0,0,0,0,0.39,0,0,0.18,0,0,0.3,15.82,16.41,16.23,16.1,16.54,16.54,16.51,15.82,16.51,16,16.57,16.34,15.11,16.1,16.16,15.34,16.05,16.1
2024-11-29 21:00:00,4365,13.89,22.88,14.7611083984375,13.6196746826172,17.56,19.04,37.24,13.44,13.15,20.32,14.15,13.73,31.26,14.86,23.3,36.84,14.62,18.21,37.41,13.2,16.86,32,0,0,0.19,0,0,0,0,0,0,0,0,0.36,0,0,0.18,0,0,0.3,15.21,16.05,15.95,15.62,16.21,16.31,16.08,15.26,16.23,15.49,16.16,16.13,14.67,15.77,16.05,14.95,15.72,15.9
2024-11-29 22:00:00,4369,13.88,22.5,14.7846374511719,13.5491790771484,17.63,18.86,37.41,13.44,13.08,20.09,14.26,13.68,31.38,14.86,23.41,37.07,14.97,18.1,37.41,13.32,17.39,32,0,0,0.14,0,0,0,0,0,0,0,0,0.34,0,0,0.18,0,0,0.3,14.87,15.67,15.57,15.26,15.85,16.03,15.72,14.9,15.95,15.08,15.8,15.87,14.31,15.44,15.87,14.64,15.44,15.7
2024-11-29 23:00:00,4373,13.88,21.95,14.8005523681641,13.5580978393555,17.56,18.92,37.3,13.44,13.02,20.14,14.03,13.68,31.38,14.86,23.41,36.95,14.92,17.98,37.47,13.26,16.62,31.9,0,0,0.15,0,0,0,0,0,0,0,0,0.39,0,0,0.17,0,0,0.3,14.46,15.34,15.67,14.87,15.52,15.67,15.34,14.46,15.62,14.67,15.44,15.59,13.85,15.08,15.64,14.23,15.13,15.4
2024-11-30 00:00:00,4377,13.88,21.37,14.7399063110352,13.6094131469727,17.51,19.33,37.24,13.26,13.15,20.14,14.09,13.73,31.55,14.92,23.41,37.13,14.8,17.98,37.52,13.26,16.8,32,0,0,0.12,0,0,0,0,0,0,0,0,0.34,0,0,0.16,0,0,0.3,14.03,14.98,15.05,14.39,15.08,15.31,14.93,13.98,15.23,14.21,15.03,15.26,13.44,14.75,15.36,13.82,14.82,15.1
2024-11-30 01:00:00,4381,13.85,20.86,14.7371826171875,13.5855941772461,17.56,19.38,37.7,13.26,13.08,20.26,14.09,13.68,31.55,14.86,23.47,37.18,14.68,17.98,37.52,13.2,16.62,31.9,0,0,0.15,0,0,0,0,0,0,0,0,0.34,0,0,0.16,0,0,0.3,13.77,14.57,14.87,13.98,14.7,14.93,14.52,13.52,14.87,13.8,14.62,14.9,12.97,14.39,15.08,13.39,14.46,14.8
2024-11-30 02:00:00,4385,13.88,20.42,14.7353744506836,13.623908996582,17.51,18.97,37.92,13.2,13.15,20.14,14.15,13.73,31.55,14.92,23.47,37.13,14.92,18.21,37.58,13.68,16.51,31.9,0,0,0.13,0,0,0,0,0,0,0,0,0.3,0,0,0.16,0,0,0.3,13.36,14.18,14.29,13.54,14.26,14.52,14.08,13.1,14.46,13.36,14.29,14.52,12.58,14,14.72,12.97,14.05,14.4
2024-11-30 03:00:00,4389,13.88,20.23,14.7564392089844,13.545036315918,17.51,18.92,37.13,13.26,13.02,20.14,14.26,13.79,31.26,14.92,23.53,37.41,14.74,17.8,37.63,13.68,16.86,31.8,0,0,0.13,0,0,0,0,0,0,0,0,0.3,0,0,0.14,0,0,0.3,12.89,13.77,13.88,13.23,13.88,14.13,13.7,12.82,14.11,13.05,13.88,14.18,12.35,13.64,14.39,12.76,13.7,14.1
2024-11-30 04:00:00,4393,13.89,19.98,14.7661666870117,13.5826797485352,17.51,19.27,37.18,13.02,12.84,20.21,14.33,13.73,31.66,14.86,23.3,37.07,14.86,17.86,37.63,13.62,16.69,31.8,0,0,0.15,0,0,0,0,0,0,0,0,0.36,0,0,0.15,0,0,0.3,12.56,13.47,13.9,12.87,13.52,13.77,13.39,12.51,13.75,12.71,13.52,13.85,11.99,13.36,14.05,12.4,13.39,13.8
2024-11-30 05:00:00,4397,13.88,19.71,14.7632598876953,13.5037002563477,17.51,19.44,37.41,13.02,13.08,20.09,14.39,13.73,31.26,14.86,23.64,37.18,14.57,17.8,37.63,13.62,16.86,31.8,0,0,0.14,0,0,0,0,0,0,0,0,0.32,0,0,0.15,0,0,0.3,12.25,13.08,13.36,12.53,13.15,13.44,13.02,12.19,13.41,12.38,13.18,13.52,11.78,12.97,13.75,12.12,13.02,13.5
2024-11-30 06:00:00,4401,13.88,19.52,14.7035751342773,13.5602951049805,17.33,19.15,37.3,12.91,13.26,20.09,14.15,13.73,31.38,14.97,23.24,37.24,14.33,17.86,37.63,13.32,16.86,31.8,0,0,0.15,0,0,0,0,0,0,0,0,0.34,0,0,0.15,0,0,0.3,11.96,12.79,13.1,12.25,12.79,13.13,12.74,11.88,13.1,12.14,12.89,13.21,11.47,12.71,13.44,11.83,12.79,13.2
2024-11-30 07:00:00,4405,13.88,19.87,14.7217788696289,13.5292205810547,17.45,18.74,37.86,13.2,13.02,19.97,13.91,13.79,30.97,14.86,23.35,37.35,14.68,17.63,37.7,13.32,16.86,31.6,0,0,0.12,0,0,0,0,0,0,0,0,0.34,0,0,0.14,0,0,0.3,11.65,12.48,12.71,11.91,12.45,12.76,12.38,11.6,12.74,11.78,12.56,12.89,11.21,12.38,13.13,11.55,12.43,12.9
2024-11-30 08:00:00,4409,13.88,19.75,15.3547744750977,14.1511459350586,19.04,20.14,37.58,15.86,13.08,20.03,15.33,17.39,31.32,16.1,23.99,37.47,16.92,18.92,37.75,16.75,18.45,32,0,0,0.14,0,0,0,0,0,0,0,0,0.29,0,0,0.14,0,0,0.3,11.36,12.09,12.43,11.65,12.17,12.45,12.04,11.42,12.48,11.57,12.25,12.56,11.1,12.09,12.82,11.44,12.17,12.6
2024-11-30 09:00:00,4413,13.88,19.95,15.3994903564453,14.1793670654297,18.45,19.91,37.47,16.22,13.5,20.03,14.97,15.98,31.71,15.8,24.69,38.31,16.33,18.8,37.92,15.27,18.21,32.9,0,0,0.23,0,0,0,0,0,0,0,0,0.32,0,0,0.14,0,0,0.3,11.44,11.86,11.88,11.62,11.88,12.17,11.83,11.44,12.19,11.55,12.04,12.32,11.31,11.86,12.56,11.47,11.96,12.4
2024-11-30 10:00:00,4417,13.89,20.53,15.4208450317383,14.3801879882812,18.27,20.03,38.48,15.57,13.62,20.21,14.86,15.39,32.17,15.75,25.03,37.47,16.04,18.8,37.75,14.86,17.69,33.1,0,0,0.18,0,0,0,0,0,0,0,0,0.27,0,0,0.14,0,0,0.3,11.88,11.83,11.96,11.93,11.78,12.04,11.83,11.96,12.09,11.91,12.01,12.22,12.14,11.83,12.38,11.99,11.88,12.2
2024-11-30 11:00:00,4421,13.89,22.51,15.4516754150391,14.2872619628906,18.27,19.97,37.8,15.33,13.5,20.68,14.97,14.97,32.12,15.57,24.69,37.52,16.22,18.74,37.92,14.5,17.27,33.1,0,0,0.2,0,0,0,0,0,0,0,0,0.29,0,0,0.13,0,0,0.3,13.31,12.19,12.01,12.92,12.01,12.22,12.17,13.36,12.32,13.05,12.32,12.38,13.7,12.22,12.35,13.18,12.22,12.5
2024-11-30 12:00:00,4425,13.89,24.19,15.5634613037109,14.1398162841797,18.1,20.03,38.03,15.15,13.73,20.73,14.68,14.5,31.83,15.51,24.4,37.8,15.51,18.97,37.86,14.39,17.27,33.1,0,0,0.19,0,0,0,0,0,0,0,0,0.25,0,0,0.14,0,0,0.3,15,13,12.71,14.23,12.71,12.82,13,15.11,12.84,14.93,13.08,12.84,15.44,13.02,12.66,14.77,13,13
2024-11-30 13:00:00,4429,13.88,24.52,15.4292449951172,14.0764312744141,17.98,20.14,37.98,14.62,13.55,20.44,14.57,14.33,31.94,15.39,24.46,37.35,15.15,18.8,37.7,14.03,17.22,33.1,0,0,0.14,0,0,0,0,0,0,0,0,0.37,0,0,0.15,0,0,0.3,16.57,14.18,13.23,15.77,13.67,13.67,14.08,16.87,13.7,16.51,14.13,13.49,16.87,14.18,13.26,16.1,14.03,13.7
2024-11-30 14:00:00,4433,13.89,24.99,15.3173294067383,14.0208282470703,17.92,19.67,37.92,14.09,13.5,20.44,14.57,14.21,32.4,15.33,24.63,37.18,14.8,18.5,37.58,13.91,17.27,33,0,0,0.18,0,0,0,0,0,0,0,0,0.29,0,0,0.17,0,0,0.3,17.98,15.36,14.31,17.05,14.85,14.59,15.26,18.03,14.62,17.64,15.23,14.39,17.8,15.34,14,16.98,15.16,14.6
2024-11-30 15:00:00,4437,13.89,25.41,15.2981567382812,13.9378509521484,17.86,19.38,37.75,14.09,13.38,20.5,14.44,13.97,31.66,15.21,24.11,37.02,15.04,18.33,37.47,13.55,17.04,32.8,0,0,0.15,0,0,0,0,0,0,0,0,0.38,0,0,0.17,0,0,0.3,18.1,16.39,15.21,17.74,15.9,15.54,16.41,18.64,15.62,18.33,16.39,15.39,18.08,16.31,14.85,17.41,16.05,15.4
2024-11-30 16:00:00,4441,13.89,25.81,15.1581497192383,13.8912582397461,17.74,19.33,37.41,13.62,13.5,20.5,14.5,13.86,31.49,15.15,23.82,37.13,14.5,18.21,37.35,13.5,17.45,32.6,0,0,0.16,0,0,0,0,0,0,0,0,0.33,0,0,0.2,0,0,0.3,18.28,17.13,15.82,18.1,16.82,16.44,17.28,18.87,16.57,18.74,17.46,16.41,17.92,16.9,15.62,17.41,16.69,16.1
2024-11-30 17:00:00,4445,13.89,25.21,15.0335464477539,13.7508239746094,17.8,19.21,37.41,13.55,13.32,20.26,14.33,13.73,31.15,15.1,23.82,37.92,14.68,18.27,37.35,13.97,16.8,32.4,0,0,0.17,0,0,0,0,0,0,0,0,0.35,0,0,0.2,0,0,0.3,18.05,17.54,16.62,18.08,17.46,17.18,17.87,18.69,17.26,18.77,18.23,17.13,17.33,17.28,16.26,17.08,17.03,16.6
2024-11-30 18:00:00,4449,13.88,24.74,14.9595184326172,13.6198577880859,17.63,18.97,37.52,13.5,13.32,20.26,14.26,13.68,31.09,15.04,23.71,37.18,14.5,17.98,37.3,13.44,17.04,32.2,0,0,0.18,0,0,0,0,0,0,0,0,0.38,0,0,0.2,0,0,0.4,17.16,17.62,16.85,17.62,17.64,17.49,17.95,17.82,17.59,18.1,18.23,17.44,16.34,17.26,16.69,16.41,17.03,16.8
2024-11-30 19:00:00,4453,13.89,23.88,14.9390716552734,13.5260620117188,17.69,19.15,37.41,13.32,13.15,20.32,14.33,13.68,30.92,15.04,23.64,36.9,14.57,17.86,37.35,13.44,17.09,32.2,0,0,0.17,0,0,0,0,0,0,0,0,0.37,0,0,0.19,0,0,0.4,16.36,17.31,17,16.9,17.51,17.46,17.62,16.8,17.51,17.13,17.82,17.41,15.39,16.95,16.9,15.69,16.77,16.8
2024-11-30 20:00:00,4457,13.89,23.05,14.9056167602539,13.5074310302734,17.63,19.15,37.58,13.26,13.08,20.26,14.03,13.55,30.74,15.04,23.41,37.8,14.62,18.27,37.24,13.38,16.98,32.2,0,0,0.09,0,0,0,0,0,0,0,0,0.38,0,0,0.19,0,0,0.3,15.67,16.85,16.8,16.21,17.1,17.18,17.08,15.95,17.26,16.31,17.28,17.13,14.64,16.46,16.82,15.05,16.36,16.6
2024-11-30 21:00:00,4461,13.88,22.3,14.8825531005859,13.4995346069336,17.63,19.21,37.47,13.26,13.15,20.26,14.26,13.62,30.74,15.04,23.64,37.02,14.62,17.8,37.35,13.26,16.69,32.2,0,0,0.15,0,0,0,0,0,0,0,0,0.38,0,0,0.18,0,0,0.3,15.03,16.31,16.46,15.59,16.59,16.8,16.49,15.26,16.82,15.59,16.69,16.8,14.11,15.95,16.62,14.54,15.9,16.3
2024-11-30 22:00:00,4465,13.89,21.67,14.8233642578125,13.5864562988281,17.69,18.86,37.8,13.26,13.32,20.26,13.91,13.55,31.32,14.97,23.64,36.84,14.92,18.27,37.41,13.44,17.45,32.1,0,0,0.13,0,0,0,0,0,0,0,0,0.37,0,0,0.19,0,0,0.3,14.8,15.82,16.18,15,16.05,16.39,15.93,14.62,16.36,14.98,16.16,16.39,13.62,15.52,16.31,14.05,15.46,16
2024-11-30 23:00:00,4469,13.88,20.98,14.8727493286133,13.4827194213867,17.63,19.38,37.52,13.2,13.15,20.26,13.91,13.62,31.15,15.04,23.76,37.24,14.8,17.74,37.41,13.38,16.98,32.1,0,0,0.16,0,0,0,0,0,0,0,0,0.38,0,0,0.18,0,0,0.3,13.95,15.26,15.49,14.44,15.57,15.87,15.39,14.05,15.9,14.36,15.57,15.93,13.05,15.05,15.93,13.59,15.03,15.6
