TIMESTAMP,scale(1),scale(2),wc_A10_mean,wc_B10_mean,temp_A10_mean,temp_B10_mean,wc_A20_mean,wc_B20_mean,temp_A20_mean,temp_B20_mean,wc_A40_mean,wc_B40_mean,temp_A40_mean,temp_B40_mean,DAP,w_vac_A10,w_vac_A20,w_vac_A40,w_vac_B10,w_vac_B20,w_vac_B40,DAPx,NO3_A10_mean,NO3_A20_mean,NO3_A40_mean,NO3_B10_mean,NO3_B20_mean,NO3_B40_mean,N_vac_A10,N_vac_A20,N_vac_A40,N_vac_B10,N_vac_B20,N_vac_B40,A_drain,B_drain,hour_irrigation,A_irrigation_mm,B_irrigation_mm,A_irrigation_l,B_irrigation_l,A_N_Conc,B_N_Conc,A_N_mass,B_N_mass,actual_area,ET_p_ovdat,LAI,cum_radiation_revivim,A_actual_irrigation_l,A_drain_total,A_ET,A_evaporation,A_transpiration,B_actual_irrigation_l,B_drain_total,B_ET,B_evaporation,B_transpiration,A_N_drain,A_actual_N_mass,A_N_drain_total,A_N_potential,B_N_drain,B_actual_N_mass,B_N_drain_total,B_N_potential
2024-12-08,13.748606204986578,12.287135362625122,17.555625,16.012881944444445,15.699618055555556,15.793645833333331,21.412847222222222,20.751458333333332,15.77361111111111,15.828993055555555,36.86388888888889,36.49388888888889,15.761736111111112,15.824131944444444,0.0,1.1960743871999988,1.1960743871999988,1.7488042227199985,1.086584620799999,1.086584620799999,2.070731489279999,0.0,0.4846875,0.0,0.6115625,0.9202083333333334,0.0,0.135625,0.2449119085055995,0.0,1.1001072648607988,0.2893946248895995,0.0,0.2377293766143991,0.2795,0.0,11,5.0,5.0,9.1,9.1,45,70,410,638,1.8,1.8,0.02,11.48,7.903925612800001,3.2243786099199974,4.679547002880003,4.586885763899582,0.09266123898042126,8.013415379200001,3.1573161100799982,4.856099269120003,4.759942061037331,0.09615720808267222,0.17093171875000002,409.75508809149443,1.271038983610799,408.4840491078836,0.0,637.7106053751104,0.2377293766143991,637.472875998496
2024-12-09,14.20240831375122,12.711037715276087,18.139340277777777,16.68388888888889,13.62861111111111,13.760868055555555,22.058125,21.552152777777778,13.960902777777777,14.033680555555556,37.02732638888889,36.71045138888889,14.092743055555557,14.158159722222223,1.0,1.1675470732799988,1.1675470732799988,1.6085971097599985,1.048321923839999,1.048321923839999,1.9535768166399992,0.001,11.807935049019607,0.024999999999999998,0.6293382352941176,22.68512254901961,0.03897058823529411,0.5666911764705882,13.025363620649223,0.0027192291839997,1.0434911420472457,24.148020644803196,0.001915308403199909,0.5246218689264931,2.649,2.188,6,5.0,5.0,9.1,9.1,45,70,410,638,1.8,2.4,0.02,13.05,7.932452926720001,5.425144183039997,2.507308743680004,2.457660704125567,0.049648039554436814,8.05167807616,5.1898987404799986,2.8617793356800014,2.8051123081302247,0.056667027549776636,1.6671169852941174,396.9746363793508,2.7133273565253626,394.2613090228254,1.239920294117647,613.8519793551968,1.7664574714473402,612.0855218837495
2024-12-10,14.42455252011617,12.994129657745361,18.337256944444444,16.948541666666667,12.810625,12.934548611111111,22.262777777777774,21.950694444444448,13.131805555555557,13.199305555555554,37.099184027777774,36.7653125,13.331770833333332,13.394687500000002,2.0,1.0996014758399997,1.0996014758399997,1.5580419942399986,0.9416145830399989,0.9416145830399989,1.773210193919999,0.002,28.99904411764706,0.8844791666666666,0.5210784313725491,48.851231617647066,1.536029411764706,0.6171629901960783,32.16147114084142,0.9946420399103993,0.8446321090424459,47.34152232965761,1.770062466124799,0.875035985919999,4.0374,4.279,6,5.0,5.0,9.1,9.1,45,70,410,638,1.8,2.5,0.02,10.59,8.00039852416,6.695043470079998,1.3053550540800014,1.2795072922034851,0.025847761876516273,8.158385416960002,6.993824776959998,1.164560640000004,1.1415007943132696,0.023059845686734266,2.1038020588235296,377.8385288591586,3.943076207776375,373.89545265138224,2.6408404350490193,590.6584776703423,5.285938887093817,585.3725387832485
2024-12-11,14.491126696268722,13.156231880187983,18.41326388888889,17.044444444444444,13.151979166666669,13.258993055555557,22.35076388888889,22.09940972222222,13.39892361111111,13.459375,37.11409722222222,36.76444444444444,13.56659722222222,13.628958333333335,3.0,1.269605998079999,1.269605998079999,1.7189433715199989,1.2117326476799988,1.2117326476799988,2.0400663756799995,0.0030000000000000005,36.30979166666667,3.9525,0.8120535714285714,56.463125,9.7609375,0.5616666666666666,46.427395189459205,5.2109013952128,0.8165103037467417,69.5871400857312,14.373286887945602,0.8715868575743991,3.02,3.635,6,5.0,5.0,9.1,9.1,45,70,410,638,1.8,2.4,0.02,10.15,7.83039400192,6.008549369599998,1.8218446323200022,1.7857696915710994,0.036074940748902724,7.888267352320001,6.886799023359998,1.0014683289600024,0.9816379274053275,0.019830401554674908,2.4524017857142857,363.5726048105408,8.479813484673828,355.0927913258669,2.0416583333333334,568.4128599142688,17.286532078853334,551.1263278354154
2024-12-12,14.793170293172201,13.310456911722822,18.448229166666668,17.11111111111111,14.795486111111112,14.868888888888888,22.39513888888889,22.240520833333335,14.846145833333333,14.888159722222222,37.01982638888889,36.64607638888889,14.929340277777778,14.9746875,4.0,1.1103167846399988,1.1103167846399988,1.499778612479999,0.9547026355199992,0.9547026355199992,1.6214875750399993,0.004,46.18598958333333,13.51328125,0.894248511904762,65.67640625,26.675,1.5046875,54.110702429128814,18.382642456567208,0.8151302587151076,65.029710222912,29.0058572467968,4.303696558788266,2.65,2.776,6,5.0,5.0,9.1,9.1,45,70,410,638,1.8,1.7,0.02,10.52,7.989683215360001,5.260095397119998,2.7295878182400033,2.675538358113132,0.05404946012687147,8.145297364480001,5.352190210559998,2.793107153920003,2.737799926675994,0.05530722724400902,2.369758556547619,355.8892975708712,21.567531271829935,334.32176629904126,4.1770125,572.970289777088,37.486566305585065,535.483723471503
2024-12-13,15.098095893859869,13.498882214228319,18.39515625,17.161979166666665,15.605694444444445,15.726284722222223,22.332013888888884,22.348645833333332,15.831493055555555,15.891666666666666,37.01065972222222,36.59684027777778,15.933055555555555,16.00722222222222,5.0,1.5689320012799994,1.5689320012799994,2.099842833919999,1.456779667199999,1.456779667199999,2.3358453350399997,0.005,48.10604166666667,18.092604166666664,1.1379166666666667,67.97479166666666,36.61951388888889,1.1385069444444444,76.11255794997122,29.599706504054403,1.318203283203199,100.3801356748896,59.2097015781888,1.9376155669333326,1.943791,2.329891,6,5.0,5.0,9.1,9.1,45,70,410,638,1.8,2.3,0.02,11.02,7.53106799872,5.612565835199998,1.9185021635200021,1.8805132754184457,0.037988888101556414,7.6432203328,6.122516002239999,1.520704330560001,1.4905923673067503,0.03011196325325063,2.2118721754166666,333.88744205002877,33.129781962674265,300.7576600873545,2.652597083298611,537.6198643251104,63.79991422842074,473.81995009668964
2024-12-14,15.350147326787317,13.613515138626104,18.35713541666667,17.17184027777778,13.673159722222223,13.831562499999999,22.16871527777778,22.32986111111111,14.0628125,14.145381944444445,37.19038194444445,36.80041666666667,14.232256944444444,14.307222222222222,6.0,1.5200982988799991,1.5200982988799991,1.9812327551999986,1.4906911910399991,1.4906911910399991,2.221129932799999,0.006000000000000001,49.088750000000005,23.174166666666665,1.0089583333333334,68.0009375,42.04135416666667,4.008854166666667,75.12251014262401,36.440419805798406,1.0888002452223988,102.3853937501184,68.6756968306368,7.691543143167999,1.943791,2.329891,6,5.0,5.0,9.1,9.1,45,70,410,638,1.8,1.7,0.02,11.56,7.579901701120001,5.445122054079998,2.134779647040003,2.092508177830874,0.04227146920912881,7.609308808960001,6.041712123839998,1.5675966851200025,1.5365561910346939,0.031040494085308686,1.9612041277083334,334.87748985737596,39.49042417872914,295.3870656786468,9.340193243229166,535.6146062498816,85.70743321703397,449.90717303284765
2024-12-15,15.561638593673711,13.878951629002893,18.669027777777778,17.447083333333335,11.104548611111111,11.260694444444445,22.448680555555555,22.808125,11.481770833333334,11.574826388888889,37.43340277777778,37.04826388888889,11.645486111111111,11.733680555555557,7.0,1.3038949862399993,1.3038949862399993,0.7602711603199995,1.2662259110399992,1.2662259110399992,0.8885913599999994,0.007,49.30125,27.177187500000002,0.9923958333333333,67.19708333333334,43.11416666666667,7.281076388888889,64.559301637824,36.25450937377921,0.4189211800671996,85.75073191680961,61.84857014486401,5.911919410432,1.943791,2.329891,6,5.0,5.0,9.1,9.1,45,70,410,638,1.8,2.1,0.02,13.23,7.79610501376,4.007957146559999,3.788147867200001,3.7131375137192557,0.07501035348074554,7.83377408896,4.484708271039999,3.3490658179200015,3.2827498715421886,0.06631594637781288,1.9290100892708333,345.440698362176,38.60244064311724,306.8382577190588,16.964114348784722,552.2492680831904,84.72460390408074,467.52466417910966
2024-12-16,15.7635038693746,14.234034458796183,19.012847222222224,17.629409722222224,10.04673611111111,10.1678125,22.92395833333333,23.283749999999998,10.262465277777778,10.361840277777778,37.54263888888889,37.14743055555555,10.425277777777778,10.533159722222221,8.0,1.1906991667199993,1.1906991667199993,0.7265214540799991,0.975180775679999,0.975180775679999,0.9382827827199992,0.008,48.8803125,29.33729166666667,0.6403125,67.2084375,46.516354166666666,10.865520833333333,58.742690887910406,35.954224262611206,0.16484109993279916,66.04846273108801,49.99286537652481,9.1431473827328,1.85,2.335,6,4.0,4.0,7.3,7.3,13,70,95,511,1.8,2.1,0.02,12.99,6.109300833280001,3.767220620799999,2.3420802124800018,2.295703917050901,0.046376295429100586,6.3248192243200005,4.248463558399998,2.076355665920002,2.0352410690477507,0.04111459687225171,1.184578125,36.257309112089594,37.30364348754401,-1.046334375454414,25.370991145833333,444.951537268912,84.50700390509095,360.44453336382105
2024-12-17,15.866431077321373,14.511653502782186,19.130607638888886,17.63447916666667,11.98388888888889,12.0409375,23.14395833333333,23.382326388888888,11.891875,11.94451388888889,37.42194444444444,37.03225694444445,11.861666666666666,11.929340277777778,9.0,1.3257823219199991,1.3257823219199991,0.488398526719999,1.198748194559999,1.198748194559999,0.610932695039999,0.009,42.26,29.77479166666667,0.5197222222222222,67.940625,48.20482638888888,12.608368055555557,55.911202068624014,40.00636346898241,0.2608061789973328,81.89946775288321,61.9076454640288,8.265525595955197,2.164,2.4,6,4.0,4.0,7.3,7.3,15,70,109,511,1.8,1.8,0.02,12.25,5.9742176780800005,3.978180848639998,1.9960368294400026,1.9565126520885128,0.039524177351489935,6.1012518054400005,4.209680889599998,1.8915709158400027,1.8541153021720147,0.03745561366798806,1.124678888888889,53.088797931375986,41.39184853686863,11.696949394507357,30.260083333333334,429.1005322471168,100.43325439331734,328.6672778537995
2024-12-18,15.838259696960451,14.817027886708575,19.21128472222222,17.54552083333333,11.964027777777778,12.101944444444444,23.210694444444442,23.235763888888886,12.268541666666666,12.352291666666666,37.374704861111105,36.954548611111115,12.395694444444445,12.448194444444445,10.0,1.2522507110399992,1.2522507110399992,1.077143402239999,1.1457743884799991,1.1457743884799991,1.1983090073599993,0.01,34.25552083333333,29.647916666666664,1.9476041666666666,68.46989583333333,47.876527777777774,16.76201388888889,42.6170523716448,38.000220870864005,1.9010092057866652,79.17260715612483,59.90731066060801,22.347720984439473,2.038,2.349,6,4.0,4.0,7.3,7.3,25,70,182,511,1.8,2.2,0.02,12.13,6.04774928896,4.367394113279998,1.6803551756800026,1.6470819138856783,0.0332732617943244,6.154225611520001,4.693083395839999,1.4611422156800025,1.4322096613220312,0.028932554357971207,3.969217291666666,139.3829476283552,43.870447368317336,95.51250026003785,39.373970625000005,431.82739284387515,121.6290022700475,310.1983905738276
2024-12-19,15.738752365112306,14.92108019193014,19.175260416666664,17.47076388888889,11.073020833333333,11.198784722222221,23.10472222222222,23.068402777777777,11.331249999999999,11.433229166666665,37.36972222222222,36.99614583333334,11.5371875,11.619895833333333,11.0,0.7728021235199994,0.7728021235199994,1.011310641919999,0.7170457036799991,0.7170457036799991,1.0400352051199995,0.011000000000000001,31.72,30.573229166666668,4.351770833333333,69.43385416666666,48.33625,20.82125,24.7366850746176,23.52187259856,4.384956161713067,49.256543371593594,37.4123945075328,23.12434721957547,1.398,1.2495,6,4.0,4.0,7.3,7.3,28,70,204,511,1.8,2.9,0.05,12.78,6.527197876480001,3.1821127654399985,3.345085111040002,3.1819433850804884,0.16314172595951387,6.5829542963200005,3.0065809087999984,3.576373387520002,3.401951599210321,0.17442178830968144,6.0837756249999995,179.2633149253824,33.99060438527307,145.2727105401093,26.016151875,461.7434566284064,86.55289360210827,375.19056302629815
2024-12-20,15.707438945770262,14.97446290651957,19.11677083333333,17.39847222222222,12.643749999999999,12.748888888888887,23.046701388888888,22.930208333333336,12.924965277777778,12.998541666666668,37.27020833333333,36.86857638888889,13.168819444444445,13.2134375,12.0,1.3147156915199991,1.3147156915199991,1.6942213644799986,1.2440211148799991,1.2440211148799991,1.9604067737599993,0.012000000000000002,31.374375,28.846666666666668,8.0353125,68.55260416666667,50.35263888888889,25.774097222222224,40.7359146538176,38.5983385171104,13.569168177654399,85.8253692987264,67.8758524752352,52.94336311804587,1.735364,1.326848,6,4.0,4.0,7.3,7.3,56,70,409,511,1.8,1.2,0.07,5.0,5.985284308480001,4.744301055999998,1.240983252480003,1.157085115219138,0.08389813726086515,6.055978885120001,4.531275888639998,1.524702996480003,1.4216236511100355,0.10307934536996739,13.944192041249998,368.2640853461824,66.1116987360148,302.1523866101676,34.198309351111114,425.1746307012736,155.0175249443922,270.1571057568814
2024-12-21,15.713486353556322,14.924729267756142,18.96548611111111,17.270347222222224,13.845625,13.898888888888889,22.860104166666662,22.722881944444442,13.832777777777778,13.881493055555557,37.274375,36.86416666666667,13.85236111111111,13.9040625,13.0,1.4832095308799993,1.4832095308799993,1.8654004300799991,1.345824752639999,1.345824752639999,2.124395438079999,0.013,39.678020833333335,25.573854166666667,11.8590625,68.19604166666666,49.92625,29.669965277777777,60.091318775174415,38.27897102191681,22.2977369951968,92.8257967349088,73.31116765968,65.60991886974294,1.735364,1.326848,6,4.0,4.0,7.3,7.3,44,70,321,511,1.8,1.8,0.1,11.0,5.816790469120001,5.083973960959998,0.7328165081600027,0.6630797971376244,0.06973671102237819,5.954175247360001,4.7970681907199975,1.1571070566400037,1.0469937615213296,0.11011329511867399,20.57979013625,260.9086812248256,81.15649815336361,179.752183071462,39.36753408888889,418.1742032650912,178.28862061831182,239.88558264677937
2024-12-22,15.723444541295379,15.018980105717981,18.99826388888889,17.305972222222223,12.438819444444443,12.549236111111112,22.804305555555555,22.755208333333332,12.580659722222222,12.66125,37.36083333333333,36.98767361111111,12.665902777777779,12.724270833333334,14.0,1.618608875519999,1.618608875519999,1.6485967615999992,1.4708691801599993,1.4708691801599993,2.079652249599999,0.014,47.28,23.456458333333334,14.381562500000001,67.60541666666667,51.139375,27.523923611111112,77.73441549632639,37.9482487247808,23.5289498897376,99.95380376128323,78.67855726185601,57.958960075178666,1.735364,1.326848,6,4.0,4.0,7.3,7.3,35,70,255,511,1.8,1.8,0.13,12.17,5.681391124480001,5.002569637119998,0.6788214873600031,0.5960700464615183,0.08275144089848482,5.8291308198400005,4.877369429759998,0.9517613900800024,0.8357373279558521,0.11602406212415024,24.957245826250002,177.2655845036736,86.4344444407684,90.8311400629052,36.520062995555556,411.0461962387168,173.15758033259021,237.88861590612657
2024-12-23,15.800106287002565,15.43149860699972,19.11114583333333,17.384965277777777,12.258750000000001,12.35548611111111,22.921562499999997,22.866284722222222,12.496319444444445,12.568090277777777,37.33538194444444,36.942812499999995,12.63079861111111,12.689270833333333,15.0,1.3186504934399994,1.3186504934399994,1.1783230771199984,1.281075152639999,1.281075152639999,1.553745551359999,0.015,50.11916666666667,25.5434375,16.67453125,66.53364583333334,52.84413194444445,27.929375000000004,66.35844282648002,33.73925491974241,19.690031394252795,85.64809490853122,69.57887838210242,41.88863543060481,1.756,1.286,6,4.0,4.0,7.3,7.3,31,70,226,511,1.8,2.0,0.16,12.53,5.981349506560001,4.252973570559997,1.7283759360000035,1.472824818861065,0.2555511171389385,6.018924847360001,4.120820703999998,1.898104143360003,1.6174576565752579,0.28064648678474524,29.280476875,159.64155717351997,82.70976318899521,76.93179398452476,35.917176250000004,425.3519050914688,147.38469006270722,277.96721502876153
2024-12-24,15.920711994171151,15.766458034515388,19.251805555555556,17.46954861111111,11.689409722222223,11.78954861111111,23.13038194444444,23.03517361111111,11.888784722222221,11.960972222222223,37.389270833333335,37.025486111111114,11.998645833333333,12.044722222222221,16.0,1.173449276159999,1.173449276159999,1.013949507839999,0.954460903679999,0.954460903679999,1.248557977599999,0.016,44.02526041666667,28.156770833333336,17.87395833333333,65.28994791666666,51.167881944444446,28.76230902777778,51.31981468340161,33.350777854732804,18.281741742390402,62.420098762996794,50.4405152757696,35.65524216392534,2.4218,1.9273500000000001,6,4.0,4.0,7.3,7.3,35,70,255,511,1.8,1.8,0.18,12.73,6.126550723840001,4.609198783999998,1.5173519398400028,1.2673988755754628,0.24995306426454,6.3455390963200005,4.130368881279998,2.2151702150400023,1.8502656938284157,0.36490452121158673,43.287152291666665,203.6801853165984,94.91967188878988,108.76051342780852,55.43503630468751,448.5799012370032,141.53079374438244,307.04910749262075
2024-12-25,15.905405203501394,15.822316355175445,19.269907407407405,17.548368055555557,11.44619212962963,11.543206018518518,23.229467592592595,23.23267361111111,11.699629629629628,11.781701388888889,37.391412037037036,37.03601851851852,11.86701388888889,11.932881944444444,17.0,1.2202804454399994,1.2202804454399994,1.086032213759999,1.0846852991999991,1.0846852991999991,1.1831158374399986,0.017,38.014270833333335,31.163333333333338,19.165937500000002,64.60786458333334,52.83043402777778,28.230156250000004,45.868274723880006,38.32501189325761,20.903322396175998,70.0041662731584,58.492764366060804,33.628391552,3.0876,2.5687,6,4.0,4.0,7.3,7.3,41,70,299,511,1.8,3.0,0.21,12.7,6.0797195545600005,5.393912659199998,0.6858068953600025,0.5559042651565426,0.12990263020345988,6.2153147008000005,4.836501136639997,1.3788135641600032,1.1176445532381023,0.26116901092190087,59.17674862500001,253.13172527612,118.4050829144336,134.7266423616864,72.51480235937501,440.9958337268416,164.6359582774358,276.3598754494058
2024-12-26,15.955295721689863,15.787630637486778,19.201215277777777,17.559270833333333,11.793680555555556,11.906180555555556,23.017395833333335,23.21892361111111,12.169479166666667,12.2478125,37.34329861111111,36.98857638888889,12.460520833333334,12.513020833333334,18.0,1.2641605132799993,1.2641605132799993,1.3863073779199984,1.112553527039999,1.112553527039999,1.2774110617599992,0.018,33.07572916666667,32.216875,19.789427083333333,64.32369791666666,55.399600694444445,32.99848958333333,41.2657364349888,40.93143061361761,27.71599374052959,71.5419871872144,61.60921399646561,42.38288458065921,1.5527,1.2671,6,4.0,4.0,7.3,7.3,44,70,321,511,1.8,1.8,0.24,10.8,6.0358394867200005,4.203167891199998,1.8326715955200026,1.4416305372213274,0.39104105829867514,6.1874464729600005,3.657064588799998,2.5303818841600023,1.9904688892183382,0.5399129949416642,30.727043432291666,279.7342635650112,99.37446778643886,180.35979577857233,41.81238615104166,439.45801281278557,145.80448472816647,293.6535280846191
2024-12-27,15.997789382934576,15.822000106175743,19.181666666666665,17.554930555555554,10.674444444444445,10.817604166666667,22.930451388888887,23.236666666666665,11.277812499999998,11.378472222222221,37.423680555555556,37.07534722222222,11.66295138888889,11.715520833333334,19.0,1.1965662374399992,1.1965662374399992,1.047143663359999,1.0887256742399989,1.0887256742399989,1.2577575116799986,0.019,31.9084375,30.47057291666667,19.43583333333333,63.225208333333335,53.75888888888889,34.54411458333333,38.116478238552006,36.677280828518406,20.4548124979568,68.901777310992,59.322655370456005,41.90351329578667,1.425,1.256666667,6,4.0,4.0,7.3,7.3,48,70,350,511,1.8,2.9,0.26,12.21,6.103433762560001,3.6687099007999984,2.4347238617600024,1.8772976946038327,0.5574261671561698,6.211274325760001,3.6031498529199975,2.6081244728400033,2.010998510756375,0.5971259620836284,27.696062499999996,311.883521761448,84.82815582647521,227.05536593497277,43.41043733790359,442.098222689008,144.63660600414624,297.4616166848618
2024-12-28,16.05433241526286,15.795068025588995,19.13142361111111,17.542708333333334,11.21263888888889,11.293645833333334,22.803194444444443,23.228125000000002,11.484652777777777,11.571979166666667,37.4453125,37.128125,11.751180555555555,11.820381944444444,20.0,1.301224942079999,1.301224942079999,1.1051987135999988,1.1630409484799988,1.1630409484799988,1.3269630975999989,0.02,34.884166666666665,28.047187500000003,20.091979166666665,63.75713541666667,54.75524305555555,35.31239583333333,45.5915159954016,36.4848795542784,22.2651845875632,74.2056848081712,64.0259437506576,47.04502283554133,1.425,1.256666667,6,4.0,4.0,7.3,7.3,46,70,336,511,1.8,2.6,0.29,12.77,5.9987750579200005,3.831423655679998,2.1673514022400027,1.6217500924365105,0.5456013098034922,6.136959051520001,3.7466707130799977,2.390288338440003,1.7885656796625578,0.6017226587774454,28.631070312499997,290.4084840045984,87.38113445434159,203.02734955025682,44.37591077565968,436.7943151918288,155.44687736185864,281.34743782997015
2024-12-29,16.06851927439372,15.861524820327764,19.130034722222224,17.561944444444446,10.751041666666666,10.823958333333332,22.726527777777775,23.24083333333333,10.97548611111111,11.053680555555554,37.52197916666666,37.20350694444445,11.139722222222224,11.208645833333334,21.0,1.4076051225599995,1.4076051225599995,1.1759619865599988,1.2329705164799993,1.2329705164799993,1.4657227366399992,0.021,37.34776041666667,25.984010416666667,21.124791666666667,64.10723958333334,56.366232638888896,34.1315625,52.70960244318721,36.53710368577921,24.8976893650144,79.05716932459201,69.6119795143376,50.097874716885336,1.425,1.256666667,6,4.0,4.0,7.3,7.3,42,70,306,511,1.8,2.1,0.32,12.88,5.89239487744,4.008567109119999,1.8838277683200015,1.3679397199782493,0.5158880483417523,6.067029483520001,3.9553599201199985,2.1116695634000022,1.533386820080733,0.5782827433192692,30.102828125000002,253.2903975568128,91.53762117579362,161.75277638101917,42.891996886377186,431.942830675408,162.60185111760012,269.3409795578079
2024-12-30,16.21186423301697,15.858012040456138,19.072604166666668,17.543645833333333,11.994409722222223,12.072465277777779,22.636944444444442,23.262361111111108,12.195590277777777,12.266840277777776,37.40600694444444,37.0834375,12.37347222222222,12.438819444444443,22.0,1.3535015961599992,1.3535015961599992,1.1794341785599989,1.1645604057599992,1.1645604057599992,1.5084448153599987,0.022000000000000002,36.58447916666667,26.33458333333333,21.78921875,63.40979166666667,56.361041666666665,34.6378125,49.55263668999841,35.75100109738081,25.876269128632003,73.89524988709441,65.85735484785121,53.02558697393492,1.806,1.725,6,4.0,4.0,7.3,7.3,41,70,299,511,1.8,2.1,0.35,11.51,5.946498403840001,4.338935774719998,1.607562629120003,1.1328302382177675,0.47473239090223546,6.135439594240001,4.398005221119998,1.7374343731200028,1.224349309405565,0.5130850637144376,39.3513290625,249.4473633100016,100.97859928851281,148.4687640214888,59.75022656250001,437.1047501129056,178.63316838428614,258.47158172861947
2024-12-31,16.14722037315369,15.78367710113526,19.05361111111111,17.536284722222224,11.315277777777778,11.428854166666667,22.521145833333332,23.178854166666667,11.658472222222223,11.748333333333333,37.470729166666665,37.145833333333336,11.917604166666665,11.979270833333333,23.0,1.414701818879999,1.414701818879999,1.2270032089599991,1.221816318719999,1.221816318719999,1.6536859443199994,0.023000000000000003,35.764322916666664,27.2746875,21.190104166666668,62.54197916666667,55.12590277777778,37.169010416666666,50.51964697866241,38.6558810428224,26.0762455130224,76.39005322692,67.8350385001472,61.04657045624322,0.3784,0.5111,6,4.0,4.0,7.3,7.3,43,70,314,511,1.8,2.0,0.37,11.51,5.885298181120001,3.020105027839998,2.8651931532800035,1.9790872748775947,0.8861058784024087,6.0781836812800005,3.3866022630399986,2.691581418240002,1.8591676892839495,0.8324137289560525,8.018335416666668,263.4803530213376,72.75046197251146,190.72989104882612,18.997081223958332,434.60994677307997,147.87869018034877,286.7312565927312
2025-01-01,16.168310642242435,15.782715082168579,18.865868055555556,17.398020833333334,11.935625,11.99638888888889,22.253854166666667,22.91479166666667,11.943090277777777,12.004027777777777,37.50965277777778,37.19215277777778,11.966388888888888,12.01923611111111,24.0,1.5078020428799992,1.5078020428799992,1.287974900479999,1.3714828607999991,1.3714828607999991,1.7026107391999992,0.024000000000000004,33.93,26.71286458333333,20.022239583333334,60.94427083333333,55.01914930555555,35.29852430555555,51.1903708546944,40.3496748047568,25.6540026604784,83.62089522268322,75.71675039612322,59.414837045316276,0.3784,0.5111,6,3.0,3.0,5.5,5.5,43,70,235,383,1.8,1.5,0.4,11.93,3.992197957120001,3.1741769433599982,0.8180210137600028,0.5483358836017255,0.2696851301582774,4.128517139200001,3.5851935999999984,0.5433235392000029,0.3642006598087924,0.17912287939121047,7.576415458333334,183.8096291453056,73.58009292356854,110.22953622173705,18.041075772569442,299.3791047773168,153.17266321400894,146.20644156330786
2025-01-02,16.05170464515686,15.715185085932413,18.697777777777777,17.262916666666666,10.17607638888889,10.269375,21.924374999999998,22.64798611111111,10.384027777777778,10.46326388888889,37.62475694444444,37.33184027777778,10.4865625,10.547569444444443,25.0,1.4079564441599992,1.4079564441599992,1.2882526758399988,1.2635668607999986,1.2635668607999986,1.794884853759999,0.025000000000000005,31.017187500000002,25.724895833333335,19.909930555555555,57.676770833333336,53.80777777777778,34.540868055555556,43.60826880637921,36.22335325207201,25.580841462788264,72.7927148929968,68.1145708544624,61.5965938724608,0.378,0.513,6,3.0,3.0,5.5,5.5,45,70,246,383,1.8,2.0,0.43,13.22,4.092043555840001,3.074209119999998,1.0178344358400029,0.6621105574364978,0.355723878403505,4.236433139200002,3.5714517145599975,0.6649814246400041,0.4325764645503904,0.2324049600896137,7.525953749999999,202.39173119362079,69.33014846486027,133.06158272876053,17.719465312500002,310.2072851070032,147.4306300394232,162.77665506758
2025-01-03,16.059333721796673,15.679110765457155,18.62697916666667,17.18951388888889,9.262916666666667,9.322465277777779,21.671736111111112,22.492395833333333,9.42138888888889,9.48388888888889,37.69732638888889,37.41388888888889,9.517777777777779,9.578715277777777,26.0,1.278986284799999,1.278986284799999,1.1279762931199988,0.973177854719999,0.973177854719999,1.3420168806399988,0.026,29.65015625,25.487083333333334,20.422864583333332,55.338750000000005,53.88015625,35.788472222222225,37.862122146710405,32.6744720932896,23.444817983139203,53.7068096679312,52.4944171930496,48.954996241834664,0.48,0.818,6,3.0,3.0,5.5,5.5,47,70,257,383,1.8,2.0,0.46,13.02,4.221013715200001,2.8869625779199977,1.334051137280003,0.8421646652347808,0.4918864720452222,4.526822145280001,3.133194735359998,1.3936274099200028,0.8797741918126745,0.5138532181073283,9.802975,219.13787785328958,65.9222650764288,153.21561277686078,29.27497027777778,329.2931903320688,130.72438371266205,198.56880661940673
2025-01-04,16.107905149459842,15.63131332397461,18.538090277777776,17.20767361111111,9.548819444444444,9.597430555555556,21.50305555555555,22.531805555555554,9.676180555555556,9.719652777777778,37.63013888888889,37.35517361111111,9.806458333333333,9.851631944444444,27.0,1.187185950719999,1.187185950719999,1.0367270873599992,0.9032828198399993,0.9032828198399993,1.2526001971199991,0.027,27.73,24.58791666666667,20.457100694444446,52.45796875,53.17012152777778,36.50868055555556,32.8387011519168,29.2931859175536,20.997771747692806,47.28319998570721,48.32389567288162,45.23865775891627,0.48,0.818,6,3.0,3.0,5.5,5.5,48,70,263,383,1.8,2.7,0.48,11.36,4.312814049280001,2.7039130380799983,1.6089010112000026,0.9955612247906674,0.6133397864093352,4.596717180160001,2.9738830169599986,1.622834163200002,1.0041828278437777,0.6186513353562245,9.819408333333334,230.1612988480832,60.11036599857974,170.05093284950345,29.864100694444446,335.7168000142928,123.42665412624234,212.29014588805046
2025-01-05,16.087606668472294,15.443918784459434,18.39875,17.1671875,12.475590277777778,12.48048611111111,21.294930555555556,22.493750000000002,12.583263888888888,12.607083333333334,37.302135416666665,37.03597222222222,12.769895833333335,12.805138888888889,28.0,1.1813188799999994,1.1813188799999994,1.0191577958399984,0.9003129715199989,0.9003129715199989,1.1730799820799989,0.028,25.360781250000002,23.14010416666667,21.936822916666667,48.89026041666667,49.852986111111115,39.86032986111111,29.72873441190241,27.320210801217605,22.238239770009592,43.63171091380801,45.1873353347136,46.187281944652796,0.48,0.818,6,3.0,3.0,5.5,5.5,49,70,268,383,1.8,3.6,0.51,9.35,4.318681120000001,2.680476675839998,1.638204444160003,0.9837345259086874,0.6544699182513156,4.599687028480001,2.891392953599998,1.708294074880003,1.0258230392766317,0.6824710356033713,10.529675,238.2712655880976,60.088125571227195,178.18314001687042,32.60574982638889,339.368289086192,123.98036710575528,215.38792198043674
2025-01-06,15.978657007217405,15.24511853853862,18.138368055555556,17.067708333333332,13.750034722222223,13.821284722222222,20.881041666666665,22.31548611111111,14.062534722222223,14.128958333333332,37.18913194444445,36.965381944444445,14.283368055555556,14.334444444444443,29.0,1.2064383743999991,1.2064383743999991,1.087698865919999,0.999319426559999,0.999319426559999,1.2452126924799989,0.029,23.597239583333334,21.923020833333336,21.221770833333334,46.033489583333335,48.36862847222222,39.34949652777778,28.3463309051664,26.4431135909136,23.09701742245867,45.65404121390401,48.683527282483205,49.01465190990507,0.488,1.093,6,3.0,3.0,5.5,5.5,49,70,268,383,1.8,2.1,0.54,11.61,4.293561625600001,2.782137240319998,1.5114243852800024,0.880779919117353,0.6306444661626495,4.500680573440001,3.337532119039998,1.1631484544000035,0.6778227290531093,0.4853257253468943,10.356224166666667,239.6536690948336,59.89635518003894,179.75731391479465,43.00899970486111,337.345958786096,140.70717889724938,196.6387798888466
2025-01-07,17.784169912338257,15.077134370803833,17.883298611111112,21.515833333333333,11.889340277777777,12.574930555555556,20.42767361111111,28.226423611111112,12.150694444444445,12.729895833333332,37.34548611111111,37.21805555555556,12.275972222222222,12.620902777777777,30.0,1.1643149145599991,1.1643149145599991,1.430056997119999,1.1876630630399991,1.1876630630399991,1.611591106559999,0.03,21.838854166666668,20.310833333333335,20.78204861111111,43.85958333333334,47.774469696969696,38.096490384615386,25.317329521512,23.6940955410432,28.04104163466773,51.8315728615328,56.57847547351331,62.755943433026076,0.378,1.117,11,3.0,3.0,5.5,5.5,70,70,383,383,1.8,2.4,0.56,13.11,4.335685085440001,2.972371911679998,1.3633131737600026,0.7787368417162077,0.5845763320437949,4.312336936960001,3.9162541695999984,0.3960827673600029,0.2262460667503552,0.16983670060964773,7.855614375,357.682670478488,59.590751550710934,298.09191892777704,42.55377975961539,331.1684271384672,161.88819866615478,169.28022847231244
2025-01-08,20.766716665691803,15.143481731414802,17.880659722222223,29.050358796296294,11.095104166666667,11.3309375,20.37704861111111,36.37392361111111,11.218854166666667,11.471145833333333,37.30381944444444,37.33864583333333,11.268506944444445,11.498506944444443,31.0,1.1183620492799993,1.1183620492799993,1.307974726399999,1.153164476159999,1.153164476159999,1.6122183475199985,0.031,27.881874999999997,19.969375,23.848194444444445,42.40685763888889,56.664488636363636,41.79913461538462,30.459325596504,21.9473198030016,30.858731981962666,47.611311763416005,66.68753652955172,66.99228562970387,0.378,1.141,11,3.5,3.0,6.4,5.5,70,50,447,274,1.8,2.6,0.59,13.23,5.281637950720001,2.804336775679998,2.477301175040003,1.3732356338295288,1.1040655412104743,4.346835523840001,3.9063828236799973,0.4404527001600038,0.24415494933367693,0.1962977508263269,9.0146175,416.540674403496,61.82066928496427,354.72000511853173,47.69281259615385,226.388688236584,181.37263475540945,45.01605348117454
2025-01-09,18.472146670023605,15.36710484822592,18.06920138888889,22.075486111111108,11.24420138888889,11.201319444444444,20.571631944444444,32.69472222222222,11.372222222222222,11.4159375,37.19555555555555,37.25541666666667,11.426111111111112,11.621111111111112,32.0,0.9945563174399988,0.9945563174399988,0.9915885913599988,0.631127301119999,0.631127301119999,1.314906132479999,0.032,35.92848958333334,23.592291666666668,24.32003472222222,43.67197916666667,50.106319444444445,48.60822916666667,35.933278468819196,23.4271046070096,24.050205393199462,28.291367382494403,31.670549277721605,62.5652517569536,0.384,1.165,9,4.0,0.1,7.3,0.2,70,0,511,0,1.8,3.6,0.62,13.74,6.305443682560001,2.3701449087999977,3.935298773760003,2.116972085617337,1.818326688142666,-0.43112730111999903,3.111033433599998,-3.5421607347199973,-1.9054856643088878,-1.6366750704111095,9.338893333333333,475.0667215311808,56.8162033335424,418.2505181976384,56.62858697916667,-28.291367382494403,150.86438801384188,-179.15575539633627
2025-01-10,16.133796374003097,15.470230817794805,18.248055555555556,18.370590277777776,11.865034722222221,11.904166666666667,20.84125,26.596041666666665,12.063715277777776,12.121354166666668,37.092777777777776,37.14173611111111,12.18763888888889,12.232013888888888,33.0,0.888422062079999,0.888422062079999,1.1060320396799985,0.5863033113599988,0.5863033113599988,1.3369989529599993,0.033,29.328125,22.824791666666666,22.115815972222222,28.857986111111114,48.307118055555556,47.09152777777778,26.0469154871856,20.3158801795824,24.96060808819839,16.8613732049888,28.233442016225602,63.62713257411413,0.638,1.189,8,4.0,1.0,7.3,1.8,53,70,387,128,1.8,3.0,0.65,12.11,6.411577937920001,2.632454101759998,3.779123836160003,1.9728756385242194,1.8062481976357834,1.2136966886400011,3.112302264319998,-1.8986055756799969,-0.9911590225186601,-0.9074465531613368,14.109890590277779,360.95308451281437,59.38637885805857,301.5667056547558,55.99182652777778,111.13862679501119,147.8524011181175,-36.71377432310632
2025-01-11,15.80650623639425,15.435056209564214,18.313819444444444,17.839375,12.589340277777778,12.580486111111112,20.927604166666665,24.532881944444444,12.637395833333334,12.64142361111111,37.038333333333334,37.13916666666667,12.688020833333333,12.702569444444444,34.0,1.0208351731199992,1.0208351731199992,1.151587198719999,0.5828154662399988,0.5828154662399988,1.5869893222399984,0.034,24.783020833333335,21.63010416666667,19.738211805555554,25.740572916666665,46.58802083333333,42.510989583333334,25.3982286537504,22.1119808993664,22.874614873313607,14.9192610404448,27.115971577227203,67.71007838502399,1.991,1.213,8,4.0,1.0,7.3,1.8,54,70,394,128,1.8,1.7,0.67,9.81,6.279164826880001,4.1634223718399985,2.115742455040002,1.0826435626311273,1.0330988924088749,1.2171845337600011,3.382804788479997,-2.165620254719996,-1.1081664605684989,-1.057453794151497,39.29877970486111,368.6017713462496,84.28537547754112,284.31639586870847,51.565830364583334,113.0807389595552,146.39188032683452,-33.31114136727932
2025-01-12,15.758726755777998,15.624344031016035,18.316527777777775,17.40458333333333,13.773229166666667,13.732812500000001,20.952604166666664,23.298437500000002,13.751354166666667,13.764305555555554,36.92944444444444,37.091631944444444,13.740138888888888,13.767465277777779,35.0,1.0454628172799993,1.0454628172799993,1.1903368614399987,0.7898415206399995,0.7898415206399995,1.599743221759999,0.035,18.955885416666668,18.901354166666668,19.491024305555555,22.657708333333332,43.99848958333333,41.26309027777778,19.656488840486404,19.658321333952003,23.371164544363197,17.662957310198404,34.66786983139681,66.7480313588992,1.991,1.213,8,4.0,1.0,7.3,1.8,60,70,438,128,1.8,2.0,0.7,11.84,6.25453718272,4.226799678719998,2.027737504000002,1.0069446444330754,1.0207928595669264,1.0101584793600007,3.6025847423999986,-2.592426263039998,-1.2873607833885459,-1.305065479651452,38.80662939236111,418.3435111595136,81.83611527067632,336.50739588883727,50.05212850694445,110.33704268980159,151.46802969724047,-41.130987007438875
2025-01-13,15.734026511510216,15.750031630198167,18.31375,17.49107638888889,12.772222222222224,12.75767361111111,20.8484375,23.098541666666666,12.918090277777777,12.959340277777777,36.891041666666666,37.19069444444444,12.99236111111111,13.039340277777777,36.0,1.0197460761599992,1.0197460761599992,1.2177671782399986,0.749126972159999,0.749126972159999,1.6106850918399986,0.036,16.645416666666666,17.54432291666667,20.832743055555557,18.369010416666665,42.17217013888889,41.92251736111111,16.993206391660802,17.898712432675204,25.613916579992534,13.7492073217872,31.5734316980128,67.15268982414507,2.359,0.357,8,4.0,4.0,7.3,7.3,103,70,751,511,1.8,2.9,0.73,13.75,6.28025392384,4.596513254399998,1.6837406694400023,0.8114097655836329,0.8723309038563694,6.550873027840001,2.7168120639999973,3.8340609638400034,1.8476684470284042,1.986392516811599,49.14444086805556,734.0067936083392,92.6570698807233,641.3497237276159,14.966338697916667,497.2507926782128,113.69246022007454,383.55833245813824
2025-01-14,15.95828477541606,15.81436642011007,18.354375,17.656458333333333,12.319479166666667,12.333506944444444,20.834374999999998,23.253472222222218,12.561875,12.604409722222222,36.75069444444444,37.234409722222225,12.710277777777778,12.747152777777778,37.0,1.004568983039999,1.004568983039999,1.1121430975999986,0.692768920319999,0.692768920319999,1.5983493529599986,0.037,21.177343750000002,16.19203125,21.964427083333334,14.227395833333333,37.5146875,41.78315972222222,21.362055872304005,16.284928783670402,24.457222712758398,9.8185034707776,25.9573505659424,68.2871373676032,2.8781,3.983,8,4.0,4.0,7.3,7.3,104,70,759,511,1.8,3.1,0.76,12.66,6.29543101696,4.994812080639997,1.300618936320003,0.6082558108502044,0.6923631254697985,6.607231079680001,6.274118273279998,0.3331128064000026,0.15578567596033285,0.17732713043966977,63.21581758854167,737.637944127696,103.95796908497046,633.6799750427255,166.4223251736111,501.1814965292224,260.6668131071567,240.51468342206567
2025-01-15,16.1005084514618,15.85365637143453,18.349965277777777,17.620034722222222,12.714340277777778,12.6928125,20.806701388888886,23.155694444444446,12.893159722222222,12.917638888888888,36.58472222222222,37.216770833333335,13.066006944444444,13.107326388888888,38.0,0.9536976153599991,0.9536976153599991,1.111309771519999,0.7155953126399992,0.7155953126399992,1.5595301068799985,0.038,29.758385416666666,15.208072916666666,20.639010416666668,14.840520833333334,30.939635416666665,40.28786458333334,28.5541521235824,14.4618103788816,22.930352495808002,10.631180707680002,21.815352352512004,62.19669762983252,2.21075,3.0675,8,4.0,4.0,7.3,7.3,87,70,635,511,1.8,2.4,0.78,12.35,6.34630238464,4.275757386879998,2.0705449977600026,0.9491502736511457,1.1213947241088569,6.584404687360001,5.342625419519997,1.2417792678400037,0.5692390810920569,0.6725401867479468,45.62769227864584,606.4458478764176,83.01985515333544,523.4259927230821,123.58302460937502,500.36881929232,207.59507459171954,292.77374470060045
2025-01-16,16.235004266103115,15.828158775965377,18.30204861111111,17.49892361111111,14.779583333333333,14.756631944444443,20.761666666666667,22.969583333333333,14.807395833333333,14.808750000000002,36.33864583333333,37.10496527777778,14.867222222222223,14.884444444444446,39.0,1.044830438399999,1.044830438399999,1.182698039039999,0.9130211596799989,0.9130211596799989,1.724912639999999,0.039,31.949791666666666,17.709288194444444,19.57140625,14.4375,25.00390625,37.76828125,33.521474744016004,18.7053910342432,23.1478943523072,13.2050082579888,22.9467299839856,64.94176135574186,1.5434,2.152,8,4.0,4.0,7.3,7.3,66,70,481,511,1.8,2.0,0.81,9.55,6.255169561600001,3.7709284774399983,2.4842410841600024,1.1051346847310013,1.3791063994290012,6.386978840320001,4.789933799679998,1.597045040640003,0.7104583684500501,0.8865866721899529,30.206508406250002,447.478525255984,72.0597937928004,375.4187314631836,81.27734125,497.7949917420112,169.16583258972747,328.6291591522837
2025-01-16,16.235004266103115,15.828158775965377,18.30204861111111,17.49892361111111,14.779583333333333,14.756631944444443,20.761666666666667,22.969583333333333,14.807395833333333,14.808750000000002,36.33864583333333,37.10496527777778,14.867222222222223,14.884444444444446,39.0,1.044830438399999,1.044830438399999,1.182698039039999,0.9130211596799989,0.9130211596799989,1.724912639999999,0.039,31.949791666666666,17.709288194444444,19.57140625,14.4375,25.00390625,37.76828125,33.521474744016004,18.7053910342432,23.1478943523072,13.2050082579888,22.9467299839856,64.94176135574186,1.6357,2.1251,8,4.0,4.0,7.3,7.3,66,70,481,511,1.8,2.0,0.81,9.55,6.255169561600001,3.863228477439998,2.3919410841600026,1.064074285218624,1.3278667989413786,6.386978840320001,4.763033799679999,1.6239450406400024,0.722425050431447,0.9015199902085554,32.012949203125,447.478525255984,73.8662345896754,373.6122906663086,80.26137448437501,497.7949917420112,168.14986582410245,329.64512591790873
2025-01-17,16.331820964813236,15.890101989110306,18.260104166666668,17.3759375,14.703402777777777,14.651979166666669,20.662256944444444,22.715486111111108,14.818854166666666,14.820520833333333,36.1928125,37.147534722222225,14.892743055555556,14.911527777777778,40.0,1.0551592934399994,1.0551592934399994,1.224850449919999,0.8379806899199989,0.8379806899199989,1.6315234303999988,0.04,25.804010416666667,19.204375000000002,19.189531249999998,14.033125,22.495538194444446,34.06677083333333,27.186629018875205,20.288593470062406,23.473865560168,11.6956498004352,18.731560060584002,56.034683193804796,1.377,1.671,8,4.0,4.0,7.3,7.3,75,70,547,511,1.8,1.9,0.84,13.33,6.244840706560001,3.6570097433599984,2.5878309632000023,1.1171938596690525,1.4706371035309498,6.4620193100800005,4.1405041203199975,2.321515189760003,1.0022225377198504,1.319292652040153,26.423984531249996,519.8133709811248,70.1864435614804,449.62692741964435,56.9255740625,499.3043501995648,131.6918173168888,367.61253288267596
2025-01-18,16.404083410898846,15.930727243423467,18.27829861111111,17.40170138888889,13.107326388888888,13.051597222222222,20.656145833333333,22.659374999999997,13.316458333333332,13.328125,36.173229166666665,37.30020833333334,13.438402777777776,13.458298611111111,41.0,0.9658533427199991,0.9658533427199991,1.0702684620799987,0.7275092390399991,0.7275092390399991,1.559948267519999,0.041,19.99713541666667,18.631354166666668,18.885416666666668,13.79453125,22.257881944444446,32.639722222222225,19.3214078280048,18.0900494220432,20.165167623214398,10.038778717828801,16.218875384889603,50.98389798977707,1.377,1.671,8,4.0,4.0,7.3,7.3,98,70,715,511,1.8,2.2,0.86,14.04,6.334146657280001,3.4131218047999976,2.921024852480003,1.2360669590773332,1.6849578934026697,6.572490760960001,3.958457506559998,2.614033254400003,1.1061597551797469,1.5078734992202558,26.00521875,695.6785921719952,64.2604357952576,631.4181563767376,54.54097583333334,500.9612212821712,121.74374920800003,379.21747207417116
2025-01-19,16.320437192916874,15.571915705998736,18.194097222222222,17.279374999999998,12.452430555555557,12.386562499999998,20.4803125,22.43434027777778,12.608645833333334,12.60951388888889,36.05121527777778,37.38784722222223,12.729652777777778,12.74329861111111,42.0,0.9010696396799993,0.9010696396799993,0.9387418291199989,0.6497406527999987,0.6497406527999987,1.446696427519999,0.042,17.450520833333332,16.441666666666666,18.419739583333335,13.066145833333332,21.707291666666666,29.623784722222222,15.612063470740802,14.826956088604803,17.2843947810128,8.549307020755199,14.1721561407376,43.15209250084693,0.816,1.163,12,4.0,4.0,7.3,7.3,103,70,751,511,1.8,1.7,0.89,13.0,6.3989303603200005,2.655811468799998,3.7431188915200027,1.5371333060386718,2.2059855854813306,6.650259347200001,3.259437080319998,3.3908222668800034,1.3924606704550224,1.9983615964249808,15.0305075,735.3879365292592,47.1418583696176,688.2460781596416,34.452461631944445,502.4506929792448,91.77671027352898,410.67398270571584
2025-01-20,16.423837025960292,15.730082194010421,18.34951388888889,17.366631944444446,12.314097222222223,12.2125,20.717569444444443,22.591736111111114,12.336388888888889,12.319131944444443,36.05579861111111,37.452152777777776,12.391006944444444,12.3990625,43.0,0.9129091775999993,0.9129091775999993,1.0256855167999988,0.6482902617599989,0.6482902617599989,1.5193866854399989,0.043000000000000003,18.38734375,15.2803125,17.167760416666667,11.5915625,17.929010416666667,24.138125000000002,16.8596030908704,13.952020164868802,17.628346995559998,7.4533729030464,11.435527131547202,36.611423673984,1.106,1.5,9,4.0,4.0,7.3,7.3,103,70,751,511,1.8,1.9,0.92,14.66,6.3870908224,3.044594694399998,3.3424961280000023,1.3320483517592623,2.0104477762407402,6.651709738240001,3.6676769471999977,2.9840327910400033,1.1891938864500085,1.794838904589995,18.987543020833336,734.1403969091295,50.567910181262135,683.5724867278674,36.2071875,503.5466270969536,84.2541383055312,419.29248879142244
2025-01-21,16.373111486434947,16.09430209795634,18.286909722222223,17.268958333333334,13.021666666666667,12.931770833333333,20.620520833333334,22.44753472222222,13.086145833333333,13.068090277777777,35.916875,37.40447916666667,13.15545138888889,13.161354166666667,44.0,0.9480062054399991,0.9480062054399991,1.0202688972799985,0.7030943231999991,0.7030943231999991,1.4264156364799991,0.044000000000000004,18.270625,13.915000000000001,14.522656249999999,11.186770833333334,15.678437500000001,21.217552083333334,17.280069700252803,13.246831464216001,14.899825432318398,7.8959893410527995,11.0963765398656,30.3081343045888,1.0865,1.488,9,4.0,4.0,7.3,7.3,104,70,759,511,1.8,2.3,0.95,14.43,6.35199379456,3.0547751027199976,3.2972186918400026,1.2751697314355144,2.0220489604044882,6.5969056768000005,3.6175099596799978,2.9793957171200027,1.1522545489149474,1.8271411682050553,15.778866015624999,741.7199302997471,43.925522912159394,697.7944073875877,31.571717500000002,503.1040106589472,72.9762283444544,430.1277823144928
2025-01-22,16.479030688603725,16.12945628166199,18.327256944444443,17.24795138888889,13.054340277777778,13.0603125,20.620277777777776,22.375138888888888,13.222534722222223,13.237673611111111,35.77753472222222,37.413715277777776,13.379444444444445,13.388854166666667,45.0,0.8042805388799991,0.8042805388799991,0.938394609919999,0.642316031999999,0.642316031999999,1.3587433062399987,0.045000000000000005,16.437395833333333,13.438125,12.137447916666666,9.546875,14.647135416666666,19.228333333333335,13.1808854136624,10.828612870488001,11.3526500572016,6.1597507887504,9.443123664907201,26.109378004224,1.067,1.476,9,4.0,4.0,6.7,6.7,105,70,702,468,1.7,1.9,0.97,8.06,5.8957194611200014,2.809675148799998,3.0860443123200034,1.1698670536359812,1.9161772586840222,6.057683968000001,3.477059338239998,2.580624629760003,0.9782710248538807,1.6023536049061222,12.950656927083331,688.8191145863376,35.13191985477293,653.6871947315647,28.381020000000003,461.8402492112496,63.9335216691312,397.9067275421184
2025-01-23,16.63369758923849,16.125499645868942,18.284270833333334,17.238090277777776,14.142430555555555,14.150347222222223,20.612395833333334,22.349895833333335,14.348437500000001,14.347638888888888,35.644756944444445,37.38559027777777,14.471423611111112,14.463402777777778,46.0,0.7892439743999992,0.7892439743999992,0.9672832473599985,0.6147586022399992,0.6147586022399992,1.459101859839999,0.046000000000000006,15.789010416666665,12.55921875,11.725104166666668,7.974531250000001,13.919218749999999,17.40041666666667,12.506565892800001,9.9727608238944,11.336603582287996,4.8650612125488,8.5183614602592,25.4304025583104,1.243,1.658,9,4.0,4.0,6.7,6.7,105,70,702,468,1.7,1.7,1.0,8.68,5.910756025600001,2.9995272217599975,2.911228803840004,1.070981225478867,1.8402475783611367,6.085241397760001,3.7318604620799984,2.3533809356800024,0.8657604634814854,1.4876204721985171,14.574304479166669,689.4934341072,35.88366888534907,653.6097652218509,28.849890833333333,463.1349387874512,62.79865485190294,400.33628393554824
2025-01-24,16.614914019902546,16.215860207875576,18.31409722222222,17.255277777777778,12.828854166666666,12.797604166666666,20.587152777777778,22.341909722222223,12.971006944444445,12.9684375,35.672291666666666,37.53961805555556,13.097013888888888,13.099166666666667,47.0,0.670391877119999,0.670391877119999,0.8636730380799986,0.4956193382399991,0.4956193382399991,1.257130270719999,0.04700000000000001,16.3096875,11.62203125,12.2665625,7.224687499999999,13.05359375,15.788906250000002,10.9833055384976,7.8031212481712,10.5995539212352,3.5613142033008,6.457861659460801,19.8578662435584,1.23,1.433,9,4.0,4.0,6.7,6.7,112,70,749,468,1.7,1.8,1.0,11.88,6.029608122880001,2.764064915199998,3.265543207680003,1.2013262103625189,2.064216997317484,6.204380661760001,3.1857496089599984,3.0186310528000027,1.1104923048068276,1.908138747993175,15.087871875,738.0166944615024,33.4905470444064,704.526147417096,22.625502656250003,464.4386857966992,48.9412305592692,415.49745523743
2025-01-24,16.614914019902546,16.215860207875576,18.31409722222222,17.255277777777778,12.828854166666666,12.797604166666666,20.587152777777778,22.341909722222223,12.971006944444445,12.9684375,35.672291666666666,37.53961805555556,13.097013888888888,13.099166666666667,47.0,0.670391877119999,0.670391877119999,0.8636730380799986,0.4956193382399991,0.4956193382399991,1.257130270719999,0.04700000000000001,16.3096875,11.62203125,12.2665625,7.224687499999999,13.05359375,15.788906250000002,10.9833055384976,7.8031212481712,10.5995539212352,3.5613142033008,6.457861659460801,19.8578662435584,1.053,1.3316,9,4.0,4.0,6.7,6.7,112,70,749,468,1.7,1.8,1.0,11.88,6.029608122880001,2.5870649151999974,3.4425432076800035,1.2664408714498643,2.1761023362301395,6.204380661760001,3.084349608959998,3.120031052800003,1.147795280141612,1.972235772658391,12.916690312499998,738.0166944615024,31.319365481906395,706.697328979596,21.024507562500002,464.4386857966992,47.3402354655192,417.09845033118
2025-01-25,16.74110786120097,16.41986163457235,18.4021875,17.314270833333335,12.323159722222222,12.324131944444444,20.598229166666666,22.41798611111111,12.477604166666666,12.47670138888889,35.613437499999996,37.610902777777774,12.591493055555555,12.590729166666668,48.0,0.7190147865599991,0.7190147865599991,0.895547760639999,0.569623814399999,0.569623814399999,1.180885647359999,0.04800000000000001,16.315572916666667,10.342916666666666,12.230416666666668,5.798697916666666,8.630260416666667,14.047604166666666,11.784924230721602,7.463747993318401,10.9438942400432,3.2901337703903994,4.8541831070832,16.511493644544,1.0905,1.3338,9,4.0,4.0,6.7,6.7,112,70,749,468,1.7,1.8,1.0,12.4,5.980985213440001,2.705062547199998,3.275922666240003,1.2051445997772339,2.0707780664627693,6.130376185600001,3.084309461759998,3.046066723840003,1.1205853241371866,1.9254813997028166,13.337269375000002,737.2150757692784,31.744911608361605,705.4701641609169,18.7366944375,464.7098662296096,40.1023711891272,424.6074950404824
2025-01-26,16.77745707829793,16.447736422220874,18.36170138888889,17.290104166666666,12.57954861111111,12.563402777777776,20.57059027777778,22.35826388888889,12.685902777777777,12.670104166666667,35.5165625,37.62826388888889,12.792083333333332,12.778541666666667,49.0,0.6974436403199988,0.6974436403199988,0.9361029631999989,0.5588494809599986,0.5588494809599986,1.251485102079999,0.04900000000000001,15.007552083333332,9.537916666666666,12.842500000000001,5.0384375,5.524166666666667,12.601145833333334,10.5107567608176,6.7571217725088,12.003473038222399,2.8016163409439985,3.075604359676798,15.7658893534208,1.128,1.336,9,4.0,4.0,6.7,6.7,112,70,749,468,1.7,2.0,1.0,14.29,6.002556359680002,2.7615466035199976,3.241009756160004,1.1923008579273349,2.048708898232669,6.141150519040002,3.146334583039998,2.9948159360000037,1.1017312129470114,1.8930847230529924,14.48634,738.4892432391824,33.246934810731204,705.2423084284512,16.835130833333334,465.198383659056,35.67662454643093,429.5217591126251
2025-01-27,16.738840738932293,16.406428416570034,18.299305555555552,17.220104166666665,13.035625000000001,13.045972222222224,20.41449652777778,22.244583333333335,13.207708333333334,13.215104166666668,35.34256944444444,37.57597222222222,13.35736111111111,13.345069444444443,50.0,0.6844798732799989,0.6844798732799989,0.8817978803199985,0.5533587148799993,0.5533587148799993,1.281522974719999,0.05000000000000001,12.487291666666666,4.73265625,12.907135416666668,4.3215104166666665,4.7753125,10.8721875,8.5340347996176,3.321953359065599,11.362507957508797,2.3723718608304005,2.6194222329744004,13.903161507609601,0.888,1.163,9,4.0,4.0,6.7,6.7,113,70,756,468,1.7,1.8,1.0,12.62,6.015520126720001,2.4542777535999973,3.561242373120004,1.3101078540994482,2.251134519020556,6.146641285120001,2.997881689599998,3.148759595520003,1.1583639203831155,1.9903956751368876,11.461536250000002,747.4659652003824,26.145997566574398,721.319967633808,12.644354062500001,465.6276281391696,29.166937803084004,436.4606903360856
2025-01-28,16.69873452186585,16.442844311396282,18.261145833333334,17.165104166666666,12.422152777777777,12.438368055555555,20.37798611111111,22.13847222222222,12.67125,12.680104166666666,35.308298611111105,37.64875,12.849270833333334,12.840069444444445,51.0,0.6694081766399991,0.6694081766399991,1.0915182771199987,0.5126441663999988,0.5126441663999988,1.2705811046399988,0.051,10.805052083333335,3.7526041666666665,12.716979166666667,3.4636979166666664,4.1575,9.007291666666667,7.1710298663472,2.5309479459935993,14.087332070294398,1.783199581027199,2.127216364147199,11.4309309019136,0.73,1.065,9,4.0,4.0,6.7,6.7,200,70,1337,468,1.7,2.3,1.0,13.2,6.030591823360001,2.4909264537599975,3.5396653696000033,1.3021701181023562,2.237495251497647,6.187355833600002,2.848225271039998,3.339130562560004,1.2283974853530581,2.110733077206946,9.283394791666666,1329.8289701336528,25.901674807954663,1303.9272953256982,9.592765625,466.2168004189728,23.1509128910608,443.065887527912
2025-01-29,16.65513833363852,16.333393732706707,18.04361111111111,17.043506944444445,13.010555555555555,12.964444444444446,20.112430555555555,21.930277777777775,13.295451388888887,13.28263888888889,35.10149305555556,37.61052083333333,13.545902777777778,13.523229166666667,52.0,0.7049267903999992,0.7049267903999992,1.0070051238399986,0.556466695679999,0.556466695679999,1.2328769535999993,0.052,14.802864583333333,3.0169791666666668,12.66625,2.5714583333333336,3.7453645833333336,7.300052083333333,10.4312569864272,2.1597959104511992,12.741412361670399,1.420695233116799,2.065271932651199,8.929254730700801,0.73,1.065,9,4.0,4.0,6.7,6.7,187,70,1250,468,1.7,3.4,1.0,14.87,5.995073209600001,2.441931914239998,3.5531412953600032,1.3071276341402127,2.2460136612197905,6.143533304320001,2.854343649279998,3.289189655040003,1.2100252522030055,2.0791644028369975,9.2463625,1239.5687430135729,24.147570772121597,1215.4211722414514,7.774555468749999,466.5793047668832,18.769082132102,447.8102226347812
2025-01-30,16.598526318868,16.17721009254456,17.780729166666667,16.865347222222223,13.03795138888889,13.01329861111111,19.761388888888888,21.5446875,13.449548611111112,13.439583333333333,34.82190972222222,37.64329861111111,13.763402777777777,13.731527777777778,53.0,0.6311492543999992,0.6311492543999992,0.9652693759999987,0.513749226239999,0.513749226239999,1.1602563891199988,0.053,24.389947916666667,2.67625,12.379791666666668,1.5450520833333332,3.3744270833333334,5.663854166666667,15.570939960004802,1.7091860395343994,11.9335121888336,0.7822066363055991,1.712253660139199,6.521327038771201,0.448,0.828,9,4.0,4.0,6.7,6.7,165,70,1103,468,1.7,3.4,1.0,15.54,6.068850745600001,2.044418630399998,4.024432115200003,1.480505837572183,2.5439262776278206,6.186250773760001,2.5020056153599977,3.6842451584000036,1.3553580500107854,2.3288871083892184,5.546146666666667,1087.4290600399952,19.188844895034666,1068.2402151449605,4.68967125,467.2177933636944,12.9232519489104,454.294541414784
2025-01-31,16.597392241160076,16.046448787053425,17.64125,16.785381944444442,13.027048611111113,13.012152777777779,19.52423611111111,21.349722222222223,13.339895833333335,13.347326388888888,34.568125,37.577465277777776,13.611597222222223,13.601041666666667,54.0,0.6359272281599992,0.6359272281599992,0.9142281535999985,0.4953085401599989,0.4953085401599989,1.1570504908799992,0.054,30.654479166666665,4.3021875,12.049166666666666,0.6480208333333334,2.8590104166666666,4.3393749999999995,19.274275795689604,2.7429935870735997,10.998188298713599,0.3341386704767994,1.4257660764575992,5.011362993535999,0.2068,0.4541,9,4.0,4.0,6.7,6.7,142,70,950,468,1.7,2.1,1.0,11.37,6.064072771840001,1.7569553817599979,4.307117390080004,1.584499938522433,2.722617451557571,6.204691459840001,2.106459031039998,4.098232428800003,1.5076554556976278,2.590576973102375,2.4917676666666666,930.7257242043104,16.232949552453867,914.4927746518565,1.9705101874999997,467.6658613295232,8.4076392574936,459.2582220720296
2025-02-01,16.681090911229454,15.989482720692953,17.503333333333334,16.668020833333333,14.032395833333332,14.0284375,19.361076388888886,21.143229166666668,14.256527777777777,14.255381944444444,34.33076388888889,37.50329861111111,14.480590277777779,14.452604166666667,55.0,0.650612471039999,0.650612471039999,0.9339502041599987,0.4975877260799988,0.4975877260799988,1.1846490931199989,0.055,30.451875,7.879531249999999,11.764427083333333,1.0680729166666667,2.2378645833333333,3.3021354166666668,19.64483673264,5.171729212473599,10.993722191753596,0.4784584495871992,1.108066725091199,3.898768031462399,0.2975,0.787,9,4.0,4.0,6.7,6.7,128,70,856,468,1.7,2.3,1.0,14.95,6.049387528960001,1.8820626751999976,4.167324853760004,1.533073138381093,2.634251715378911,6.202412273920001,2.469236819199998,3.733175454720003,1.3733585000773398,2.359816954642663,3.4999170572916665,836.35516326736,19.66536846151886,816.6897948058412,2.5987805729166666,467.5215415504128,7.605615329470265,459.91592622094254
2025-02-02,16.621676286061604,15.93829083442688,17.367395833333333,16.600347222222222,12.836631944444443,12.872222222222222,19.131666666666668,20.936805555555555,13.187152777777778,13.204444444444443,34.15125,37.55888888888889,13.4521875,13.433020833333332,56.0,0.614812799999999,0.614812799999999,0.8885339327999988,0.4814952921599988,0.4814952921599988,1.132169932799999,0.056,21.50572916666667,9.725260416666666,11.560208333333334,1.7068229166666666,1.6426041666666666,2.1274479166666667,13.110545603433602,6.049408387008,10.226036165417598,0.7531556491055993,0.7846719989087988,2.453094006707199,0.2975,0.787,9,4.0,4.0,6.7,6.7,143,70,956,468,1.7,2.5,1.0,15.08,6.085187200000001,1.800846732799998,4.284340467200003,1.5761207768617334,2.70821969033827,6.218504707840001,2.400665224959998,3.8178394828800033,1.404504655444164,2.4133348274358393,3.4391619791666668,942.8894543965664,19.714606531592267,923.1748478649741,1.6743015104166667,467.2468443508944,4.912067516032664,462.3347768348617
2025-02-03,16.70247864723206,15.889164686203008,17.32166666666667,16.661215277777778,12.64625,12.698090277777778,19.040243055555553,20.968576388888888,12.908159722222223,12.944375,34.03680555555555,37.427326388888886,13.166875,13.155034722222224,57.0,0.5622550886399991,0.5622550886399991,0.7970069516799986,0.4486888281599987,0.4486888281599987,1.048607498239999,0.057,17.279999999999998,10.63421875,11.51859375,1.8183333333333334,1.056875,1.496875,9.439189694692802,6.0039090779136,9.086221694087996,0.7684656920255993,0.4746687418319986,1.573017268505599,0.151,0.512,9,4.5,4.5,7.5,7.5,161,70,1211,527,1.7,2.5,1.0,10.57,6.937744911360001,1.5102620403199976,5.427482871040004,1.996659365565772,3.430823505474232,7.051311171840001,2.0092963263999977,5.042014845440003,1.8548536037185845,3.1871612417214186,1.73930765625,1201.560810305307,16.829438428251596,1184.7313718770554,0.7664,526.2315343079744,2.8140860103375975,523.4174482976367
2025-02-04,16.770456870396934,15.81103070576986,17.30472222222222,16.740555555555556,12.957638888888889,12.991875,18.948506944444443,21.084062499999998,13.261944444444445,13.270763888888888,33.88548611111111,37.282673611111115,13.503298611111111,13.47236111111111,58.0,0.5662250227199989,0.5662250227199989,0.803534672639999,0.4427836646399992,0.4427836646399992,0.9881135923199993,0.058,20.466093750000002,12.607864583333333,11.527552083333333,0.9858854166666667,0.46880208333333334,0.9374479166666667,11.109992356310402,7.121774797603201,9.2210540274416,0.4687042676783998,0.22036516266239942,0.9185180716031993,0.159,0.4415,9,4.5,4.5,7.5,7.5,165,70,1241,527,1.7,2.6,1.0,15.85,6.9337749772800015,1.528759695359998,5.4050152819200035,1.9883940014358368,3.4166212804841667,7.057216335360001,1.8723972569599985,5.184819078400002,1.9073883451368254,3.2774307332631767,1.83288078125,1229.8900076436896,18.175709606294802,1211.7142980373949,0.41388325520833336,526.5312957323216,1.5527664894739321,524.9785292428477
2025-02-05,16.837907393773403,15.895320892333991,17.29722222222222,16.814097222222223,12.96513888888889,13.008333333333333,18.917916666666667,21.177118055555557,13.32201388888889,13.335034722222224,33.751979166666665,37.15246527777778,13.5765625,13.576006944444444,59.0,0.5167589414399989,0.5167589414399989,0.7205492838399986,0.391536514559999,0.391536514559999,0.9242047078399991,0.059,23.907291666666666,14.479583333333332,11.312239583333332,0.7431770833333333,0.06682291666666666,0.3695833333333333,11.7835134549216,7.5464372847696,8.066737164980799,0.2855926147103996,0.023981093519999698,0.3195487782399991,0.159,0.4415,9,4.5,4.5,7.5,7.5,157,70,1181,527,1.7,2.4,1.0,8.65,6.983241058560001,1.3963082252799977,5.586932833280003,2.0553177285694306,3.5316151047105726,7.108463485440001,1.757241222399998,5.351222263040002,1.968604655711337,3.3826176073286653,1.7986460937499997,1169.2164865450784,17.411820543500397,1151.804666001578,0.16317104166666666,526.7144073852896,0.5067009134266655,526.2077064718629
2025-02-06,16.79473384221395,15.902298132578535,17.58722222222222,16.975416666666664,9.89048611111111,10.014618055555555,18.985625,21.350624999999997,10.413333333333332,10.505173611111111,33.872708333333335,37.32402777777778,10.728541666666667,10.784999999999998,60.0,0.5326738099199992,0.5326738099199992,0.7503406911999989,0.39302143871999917,0.39302143871999917,1.0529284915199988,0.06,25.5178125,16.2615625,10.961041666666667,0.08088541666666667,0.0,0.05880208333333333,12.848307523665603,8.702324652873601,8.179949808041599,0.0397114045103998,0.0,0.0657055813631995,0.094,0.78695,9,4.0,4.0,6.686944,6.686944,40,70,267,468,1.7,1.7,1.0,6.74,6.154270190080001,1.3770145011199981,4.777255688960003,1.7574541531876997,3.0198015357723036,6.293922561280001,2.2328999302399977,4.061022631040004,1.493966736091577,2.567055894948427,1.0303379166666666,254.1516924763344,17.912612377581866,236.23908009875254,0.04627429947916667,467.9602885954896,0.11197988084236617,467.84830871464726
2025-02-07,16.9598769346873,16.183388312657687,17.860381944444445,17.147083333333335,8.700000000000001,8.777465277777779,19.3240625,21.631874999999997,8.818333333333333,8.882465277777778,34.04680555555556,37.483645833333334,9.012916666666667,9.057326388888889,61.0,0.542791871999999,0.542791871999999,0.807492971519999,0.3924689087999988,0.3924689087999988,1.0065823539199987,0.061,21.305885416666666,13.481145833333334,10.707604166666668,0.04661458333333333,0.0,0.001979166666666667,11.386892184326399,7.340014545897599,8.647179682209599,0.0147528941951999,0.0,0.002433172224,0.094,0.78695,9,4.0,4.0,6.686944,6.686944,40,70,267,468,1.7,1.4,1.0,7.78,6.144152128000002,1.444284843519998,4.699867284480003,1.7289845501944479,2.9708827342855555,6.294475091200002,2.186001262719998,4.108473828480004,1.51142305608872,2.5970507723912837,1.0065147916666668,255.6131078156736,16.993709019773867,238.61939879589974,0.0015575052083333335,467.9852471058048,0.003990677432333334,467.98125642837243
2025-02-08,16.96568791071574,16.39616266886394,18.018194444444443,17.247152777777778,9.645902777777778,9.711770833333334,19.57704861111111,21.750416666666666,9.750243055555556,9.803333333333333,33.985902777777774,37.44048611111111,9.932395833333333,9.950138888888889,62.0,0.5655926438399989,0.5655926438399989,0.8348538444799986,0.4384324915199988,0.4384324915199988,1.0725123481599992,0.062,6.638437499999999,8.089479166666667,10.4125,0.069375,0.0,0.0,3.7553046002975994,4.5977468331648,8.673861568023998,0.027990216086399698,0.0,0.0,0.2125,0.7,9,4.0,4.0,6.686944,6.686944,40,70,267,468,1.7,1.6,1.0,12.68,6.121351356160002,1.6129464883199973,4.508404867840005,1.6585494633555913,2.8498554044844133,6.248511508480002,2.210944839679998,4.037566668800004,1.4853377698105874,2.5522288989894166,2.2126562499999998,263.2446953997024,15.484264651188798,247.76043074851358,0.0,467.9720097839136,0.0,467.9720097839136
2025-02-09,16.748007514260028,16.45856241746383,17.706818181818182,17.008181818181818,6.586439393939394,6.740075757575758,19.31863636363636,21.361666666666665,7.202992424242424,7.300189393939394,34.15401515151515,37.635719696969694,7.446590909090909,7.555151515151516,63.0,0.4636742476799987,0.4636742476799987,0.6924939724799992,0.3477485183999991,0.3477485183999991,0.7939476684799996,0.063,0.7946022727272727,4.947405303030303,8.566022727272726,0.08068181818181817,0.1922727272727273,0.165,0.3695194001519988,2.5400726169727994,6.6286736403279995,0.00980740608,0.023372015616000198,0.07361927147520039,0.2125,0.7,11,4.0,4.0,6.686944,6.686944,40,70,267,468,1.7,1.9,1.0,11.64,6.223269752320002,1.3686682201599978,4.854601532160004,1.7859080987610498,3.0686934333989537,6.339195481600001,1.8416961868799988,4.4974992947200025,1.6545375272105505,2.842961767509452,1.820279829545454,266.630480599848,10.989026086846252,255.64145451300175,0.11549999999999999,467.99019259392,0.21249128709120058,467.7777013068288
